propension_12m,sexo,edad,d2_01,d2_03,d2_04,d2_05,d2_06,d2_07
1,1,33,5,2,1,6.0,1.0,1.0
0,1,40,5,6,0,4.0,1.0,1.0
0,1,34,9,6,0,8.0,1.0,1.0
0,2,39,9,5,1,5.0,1.0,2.0
1,1,44,9,3,2,5.0,1.0,1.0
0,1,62,9,2,3,4.0,1.0,1.0
0,2,42,9,6,1,8.0,1.0,2.0
1,1,20,9,6,0,7.0,1.0,1.0
0,1,42,9,2,3,6.0,1.0,1.0
0,1,18,9,6,0,5.0,1.0,1.0
0,2,52,9,5,0,8.0,1.0,2.0
1,1,25,1,5,2,4.0,1.0,1.0
0,1,40,9,6,1,7.0,1.0,1.0
0,1,21,9,6,0,7.0,1.0,1.0
0,1,44,9,3,2,7.0,1.0,1.0
0,1,37,9,6,0,5.0,1.0,1.0
0,2,64,9,3,2,7.0,1.0,2.0
1,1,21,9,5,0,5.0,1.0,1.0
0,2,37,9,6,0,8.0,1.0,2.0
1,1,28,5,6,0,5.0,1.0,1.0
1,1,37,9,6,0,5.0,1.0,1.0
0,1,19,9,6,0,5.0,1.0,1.0
1,2,30,9,2,3,5.0,1.0,2.0
1,2,23,9,6,0,4.0,1.0,2.0
0,2,50,5,2,0,5.0,1.0,2.0
0,1,64,9,6,0,3.0,1.0,1.0
0,1,18,9,6,0,5.0,1.0,1.0
1,2,37,9,6,3,6.0,3.0,2.0
0,1,63,9,6,0,7.0,1.0,1.0
0,1,35,9,1,0,7.0,1.0,1.0
1,1,29,9,6,0,7.0,1.0,1.0
0,1,22,9,6,0,7.0,1.0,1.0
0,1,47,9,3,2,7.0,1.0,1.0
0,1,35,9,3,1,7.0,1.0,1.0
0,1,26,1,6,0,3.0,1.0,1.0
1,1,27,9,6,0,8.0,1.0,1.0
0,1,30,9,2,2,6.0,1.0,1.0
0,1,46,9,2,3,5.0,1.0,1.0
0,1,62,9,3,3,5.0,1.0,1.0
0,1,48,9,3,4,3.0,1.0,1.0
0,1,59,5,6,6,3.0,1.0,1.0
0,2,48,1,6,1,7.0,1.0,2.0
0,1,36,9,6,2,3.0,1.0,1.0
1,1,25,9,6,0,7.0,1.0,1.0
0,2,32,9,3,2,6.0,1.0,2.0
0,2,32,9,2,4,5.0,1.0,2.0
0,2,65,9,5,2,1.0,1.0,2.0
1,1,38,9,2,3,5.0,1.0,1.0
1,2,58,9,3,3,3.0,1.0,2.0
1,2,30,9,5,2,5.0,1.0,2.0
1,1,21,9,6,0,5.0,1.0,1.0
1,2,23,9,6,4,4.0,1.0,2.0
0,1,65,5,3,3,3.0,1.0,1.0
1,1,21,9,6,0,6.0,1.0,1.0
0,1,38,9,6,0,7.0,1.0,1.0
1,2,27,5,1,1,7.0,1.0,2.0
0,1,49,9,5,2,8.0,1.0,1.0
0,1,20,9,6,0,6.0,1.0,1.0
1,1,26,9,6,0,4.0,1.0,1.0
1,1,31,9,2,2,5.0,1.0,1.0
0,1,24,5,3,3,6.0,1.0,1.0
0,1,57,9,5,2,7.0,1.0,1.0
1,2,38,9,5,2,3.0,1.0,2.0
1,1,23,9,2,1,3.0,1.0,1.0
0,1,62,9,2,7,3.0,1.0,1.0
0,1,29,9,1,0,4.0,1.0,1.0
1,1,24,9,6,0,5.0,1.0,1.0
1,1,34,5,5,1,5.0,1.0,1.0
0,1,62,9,5,1,4.0,1.0,1.0
0,1,45,5,6,0,5.0,1.0,1.0
1,1,55,9,5,0,3.0,1.0,1.0
1,1,18,9,1,1,5.0,1.0,1.0
0,1,44,1,3,6,3.0,1.0,1.0
0,1,19,9,6,0,7.0,1.0,1.0
0,2,37,9,2,3,4.0,1.0,2.0
0,2,23,9,6,0,7.0,1.0,2.0
1,1,27,5,1,2,6.0,1.0,1.0
0,1,59,9,3,2,3.0,1.0,1.0
1,2,31,9,6,0,8.0,1.0,2.0
0,1,64,9,2,2,3.0,1.0,1.0
1,1,31,9,6,0,4.0,1.0,1.0
0,1,56,9,3,0,8.0,1.0,1.0
1,1,48,9,2,2,6.0,1.0,1.0
0,1,51,9,5,0,3.0,1.0,1.0
0,2,47,9,3,2,7.0,1.0,2.0
1,1,18,9,6,0,5.0,1.0,1.0
1,1,39,1,6,2,5.0,1.0,1.0
0,1,36,9,5,1,5.0,1.0,1.0
0,1,33,9,2,3,3.0,1.0,1.0
1,2,20,9,6,0,6.0,1.0,2.0
0,2,19,9,6,0,6.0,2.0,2.0
0,1,62,5,1,2,3.0,1.0,1.0
0,2,56,9,3,5,5.0,1.0,2.0
1,2,20,9,6,0,6.0,2.0,2.0
1,1,19,9,1,0,4.0,1.0,1.0
0,1,38,9,2,1,5.0,1.0,1.0
1,1,21,9,1,0,5.0,1.0,1.0
0,1,39,1,6,0,3.0,1.0,1.0
0,1,25,9,3,2,4.0,1.0,1.0
1,1,58,9,3,2,5.0,1.0,1.0
0,2,29,9,1,2,5.0,1.0,2.0
0,2,21,1,6,0,5.0,1.0,2.0
1,1,25,9,6,0,7.0,1.0,1.0
0,1,31,1,3,1,5.0,2.0,1.0
0,1,24,9,6,0,6.0,1.0,1.0
0,1,20,9,6,0,6.0,1.0,1.0
0,1,54,9,5,1,3.0,1.0,1.0
1,2,20,9,6,0,5.0,1.0,2.0
0,1,24,9,6,0,6.0,1.0,1.0
1,2,19,9,6,0,5.0,3.0,2.0
0,1,56,9,6,0,5.0,1.0,1.0
1,1,35,9,2,1,5.0,1.0,1.0
0,2,25,5,6,0,6.0,1.0,2.0
1,1,22,9,6,0,5.0,2.0,1.0
0,1,40,9,2,4,5.0,1.0,1.0
1,1,22,9,6,0,5.0,1.0,1.0
1,1,30,9,6,1,7.0,1.0,1.0
0,1,31,9,2,3,5.0,1.0,1.0
1,2,23,9,5,1,6.0,1.0,2.0
1,1,31,9,6,0,5.0,1.0,1.0
1,2,34,9,6,2,5.0,1.0,2.0
0,1,51,9,5,0,5.0,1.0,1.0
0,1,28,5,3,1,5.0,1.0,1.0
0,1,33,9,6,0,7.0,1.0,1.0
0,1,41,9,5,1,7.0,1.0,1.0
1,1,57,9,5,3,3.0,1.0,1.0
0,1,30,9,1,0,7.0,1.0,1.0
1,1,35,9,6,0,6.0,1.0,1.0
1,1,26,1,6,0,6.0,1.0,1.0
1,2,25,9,5,3,5.0,1.0,2.0
1,1,24,9,6,0,5.0,1.0,1.0
0,1,37,1,3,1,5.0,1.0,1.0
0,1,44,9,6,0,7.0,1.0,1.0
1,1,29,9,6,0,5.0,1.0,1.0
0,2,19,9,6,1,6.0,1.0,2.0
1,2,22,9,2,2,3.0,1.0,2.0
0,1,61,9,2,4,3.0,1.0,1.0
0,1,24,9,2,1,4.0,1.0,1.0
1,1,22,9,5,1,6.0,1.0,1.0
0,1,24,1,6,0,7.0,1.0,1.0
0,1,32,9,6,0,5.0,1.0,1.0
0,1,64,9,6,1,6.0,1.0,1.0
0,1,55,9,2,2,7.0,1.0,1.0
1,1,24,5,5,0,5.0,1.0,1.0
0,1,62,9,4,3,7.0,1.0,1.0
0,1,45,9,5,1,7.0,1.0,1.0
1,2,22,9,1,2,3.0,1.0,2.0
1,1,19,9,6,0,5.0,1.0,1.0
1,1,39,9,5,5,5.0,1.0,1.0
1,2,30,9,6,0,5.0,2.0,1.0
0,1,57,9,3,3,4.0,1.0,1.0
0,2,56,1,5,4,5.0,1.0,2.0
1,1,33,9,2,1,3.0,1.0,1.0
0,1,30,9,2,2,5.0,1.0,1.0
1,1,21,9,5,2,3.0,1.0,1.0
1,1,58,9,3,2,5.0,1.0,1.0
0,1,62,1,2,2,3.0,1.0,1.0
0,1,65,5,5,3,3.0,1.0,1.0
0,2,23,9,1,0,6.0,1.0,2.0
0,1,29,9,6,0,7.0,1.0,1.0
1,1,51,9,3,2,5.0,1.0,1.0
0,2,22,9,6,0,5.0,1.0,2.0
0,1,29,9,3,2,7.0,1.0,1.0
0,1,26,9,6,0,6.0,1.0,1.0
0,1,62,9,6,1,4.0,1.0,1.0
1,2,29,9,6,0,7.0,1.0,2.0
1,1,29,5,2,4,5.0,1.0,1.0
0,1,59,9,6,2,4.0,1.0,1.0
1,2,29,5,2,2,4.0,1.0,2.0
1,1,30,9,6,1,3.0,1.0,1.0
0,1,49,9,3,3,3.0,1.0,1.0
1,1,23,9,6,0,5.0,1.0,1.0
0,2,23,9,2,2,5.0,1.0,2.0
0,1,46,9,6,1,5.0,1.0,1.0
1,1,22,9,6,0,6.0,1.0,1.0
0,1,21,9,6,0,7.0,1.0,1.0
1,2,32,9,5,2,6.0,3.0,2.0
1,2,20,9,6,1,5.0,1.0,2.0
0,1,47,9,2,1,4.0,1.0,1.0
1,1,35,9,3,3,3.0,1.0,1.0
1,1,21,9,6,0,6.0,1.0,1.0
1,1,23,1,6,0,6.0,1.0,1.0
0,1,41,9,5,0,8.0,1.0,1.0
1,1,20,9,6,0,7.0,1.0,1.0
0,1,31,9,1,1,5.0,1.0,1.0
1,1,23,9,6,0,6.0,1.0,1.0
1,2,26,9,1,1,6.0,2.0,2.0
0,1,58,9,3,3,3.0,1.0,1.0
1,1,40,9,3,1,5.0,1.0,1.0
1,1,26,9,1,1,6.0,1.0,1.0
1,2,31,9,2,2,6.0,1.0,2.0
1,1,27,9,6,0,7.0,1.0,1.0
1,2,33,9,3,2,6.0,1.0,2.0
0,1,64,9,4,2,8.0,1.0,1.0
1,1,26,1,1,0,5.0,1.0,1.0
1,1,28,9,2,0,5.0,1.0,1.0
0,2,29,9,5,2,7.0,1.0,2.0
0,2,37,9,3,2,7.0,1.0,2.0
0,2,32,5,2,2,6.0,1.0,2.0
0,2,23,9,2,0,6.0,2.0,2.0
0,1,65,9,2,2,3.0,1.0,1.0
0,1,32,9,2,1,5.0,1.0,1.0
0,1,30,9,6,1,5.0,1.0,1.0
0,1,60,2,2,1,7.0,1.0,1.0
0,1,34,9,6,0,7.0,1.0,1.0
0,1,62,9,5,2,7.0,1.0,2.0
0,1,37,9,1,1,4.0,1.0,1.0
1,1,39,9,3,3,5.0,1.0,1.0
0,2,29,9,6,0,8.0,1.0,2.0
1,1,20,9,6,0,5.0,1.0,1.0
1,1,34,9,3,2,6.0,1.0,1.0
1,1,24,9,3,0,7.0,1.0,2.0
1,1,24,9,6,0,5.0,1.0,1.0
0,1,43,9,5,1,5.0,1.0,1.0
0,2,18,9,6,0,5.0,1.0,2.0
1,1,21,9,6,0,4.0,1.0,1.0
0,2,36,9,2,1,8.0,1.0,2.0
0,1,25,9,6,0,5.0,3.0,1.0
1,1,33,9,5,1,5.0,1.0,1.0
0,1,46,9,3,4,3.0,1.0,1.0
1,1,22,9,6,0,4.0,1.0,1.0
1,1,28,9,6,1,5.0,1.0,1.0
1,1,28,9,6,0,7.0,1.0,1.0
0,1,25,9,6,0,5.0,1.0,1.0
1,2,22,9,5,0,6.0,1.0,2.0
1,1,27,9,6,0,8.0,1.0,1.0
0,1,65,9,2,3,4.0,1.0,1.0
1,1,20,9,6,0,7.0,1.0,1.0
1,1,20,9,6,0,5.0,1.0,1.0
1,2,32,9,3,0,6.0,1.0,2.0
0,1,55,9,2,2,5.0,1.0,1.0
0,2,28,9,6,2,7.0,1.0,2.0
0,2,34,9,5,2,4.0,1.0,2.0
1,1,30,9,2,2,6.0,1.0,1.0
1,1,18,9,6,0,5.0,1.0,1.0
0,1,43,9,5,2,4.0,1.0,1.0
0,1,62,9,3,4,3.0,1.0,1.0
0,1,19,9,1,0,4.0,1.0,1.0
0,2,40,9,3,0,8.0,1.0,2.0
1,2,25,5,6,1,6.0,1.0,2.0
0,2,29,9,6,0,8.0,1.0,2.0
1,1,23,9,6,0,5.0,1.0,1.0
1,2,33,5,6,0,6.0,3.0,2.0
0,1,44,9,2,3,3.0,1.0,1.0
1,2,39,9,2,3,4.0,1.0,2.0
0,1,54,9,5,1,5.0,1.0,1.0
0,2,36,1,2,2,6.0,1.0,2.0
1,1,24,9,1,0,6.0,1.0,1.0
0,2,60,9,5,2,3.0,1.0,2.0
0,1,38,9,5,0,3.0,1.0,1.0
1,2,27,9,6,0,5.0,1.0,2.0
0,2,51,1,4,8,1.0,1.0,2.0
0,1,39,9,6,0,5.0,1.0,1.0
0,2,19,9,6,1,6.0,1.0,2.0
0,2,19,9,6,0,5.0,1.0,2.0
0,1,27,1,6,1,6.0,1.0,1.0
0,2,56,9,5,3,6.0,1.0,2.0
1,2,45,5,2,4,3.0,1.0,2.0
0,2,23,9,2,1,5.0,1.0,2.0
0,1,31,9,6,1,4.0,1.0,1.0
0,1,24,5,6,0,4.0,1.0,1.0
1,2,22,5,2,0,5.0,1.0,2.0
0,1,25,9,6,0,7.0,1.0,1.0
0,2,50,5,3,0,5.0,1.0,2.0
0,2,38,9,6,1,3.0,1.0,2.0
0,2,35,5,6,0,3.0,1.0,2.0
0,2,40,9,5,2,8.0,1.0,2.0
0,1,52,1,5,2,3.0,1.0,1.0
0,1,62,5,5,4,1.0,1.0,1.0
0,2,41,9,6,0,8.0,1.0,2.0
0,2,40,9,5,3,1.0,1.0,2.0
1,1,20,9,6,0,7.0,1.0,1.0
0,1,58,9,5,6,3.0,1.0,1.0
0,1,31,9,6,0,6.0,1.0,1.0
1,2,18,9,1,1,4.0,1.0,2.0
1,1,32,9,3,4,5.0,1.0,1.0
0,1,33,9,6,0,6.0,1.0,1.0
1,1,31,9,2,1,7.0,1.0,1.0
1,1,25,1,6,0,6.0,1.0,1.0
0,1,42,1,2,2,6.0,1.0,1.0
0,2,26,9,1,1,5.0,1.0,2.0
0,1,30,9,6,0,6.0,2.0,1.0
0,1,30,9,3,1,5.0,1.0,1.0
1,1,27,1,3,3,7.0,1.0,1.0
0,1,50,9,2,1,6.0,1.0,1.0
0,1,30,9,2,3,6.0,1.0,1.0
0,1,39,9,5,0,4.0,1.0,1.0
1,1,18,9,6,0,5.0,1.0,1.0
0,1,24,9,5,0,7.0,1.0,1.0
0,2,60,9,6,0,4.0,1.0,2.0
1,2,20,9,5,0,5.0,1.0,2.0
1,1,30,9,5,1,6.0,1.0,1.0
1,1,36,5,1,3,5.0,1.0,1.0
0,1,33,9,1,2,4.0,1.0,1.0
0,1,23,9,2,1,4.0,1.0,1.0
1,1,30,9,6,0,7.0,1.0,1.0
0,1,50,9,5,2,7.0,1.0,1.0
0,1,54,1,6,6,4.0,1.0,1.0
1,1,24,9,6,0,4.0,1.0,1.0
1,1,46,9,6,2,3.0,1.0,1.0
0,1,43,1,3,3,3.0,1.0,1.0
1,1,35,9,2,1,5.0,1.0,1.0
1,1,31,9,2,0,4.0,1.0,1.0
0,1,57,5,6,0,7.0,1.0,1.0
1,1,18,9,6,0,6.0,1.0,1.0
0,1,27,5,2,3,5.0,1.0,1.0
0,1,42,9,5,2,5.0,1.0,1.0
0,2,21,9,6,0,7.0,1.0,2.0
0,1,30,5,6,0,6.0,1.0,1.0
0,1,35,5,2,2,8.0,1.0,1.0
1,1,39,9,6,0,7.0,1.0,1.0
0,2,23,9,6,0,7.0,1.0,2.0
0,2,18,9,6,0,7.0,1.0,2.0
1,1,34,9,6,0,7.0,1.0,1.0
0,1,30,9,6,1,5.0,1.0,1.0
0,2,30,9,2,3,5.0,1.0,2.0
1,1,22,9,6,0,5.0,1.0,1.0
0,1,31,9,6,0,6.0,3.0,1.0
1,1,41,9,3,4,4.0,1.0,1.0
1,2,27,5,1,4,4.0,3.0,2.0
0,2,56,1,3,4,3.0,1.0,2.0
1,1,47,5,3,5,3.0,1.0,1.0
0,1,22,9,6,0,6.0,1.0,1.0
1,1,20,9,6,0,6.0,1.0,1.0
0,1,29,9,2,2,5.0,1.0,1.0
0,2,48,9,5,2,1.0,1.0,2.0
1,2,32,9,6,0,7.0,1.0,2.0
0,1,35,5,6,3,3.0,1.0,1.0
0,2,38,9,3,3,5.0,1.0,2.0
1,1,42,5,2,2,3.0,1.0,1.0
1,1,24,9,2,0,5.0,1.0,1.0
0,1,32,9,6,1,7.0,1.0,1.0
0,1,30,9,3,2,7.0,1.0,1.0
0,2,40,9,5,1,4.0,1.0,2.0
1,1,61,9,6,2,4.0,1.0,1.0
1,1,20,5,6,1,3.0,1.0,1.0
0,1,61,9,6,1,1.0,1.0,1.0
0,1,50,9,5,2,6.0,1.0,1.0
0,1,24,9,6,0,4.0,1.0,1.0
1,1,24,9,6,0,6.0,1.0,1.0
0,1,65,9,5,1,4.0,1.0,1.0
1,1,29,5,6,0,7.0,1.0,1.0
1,1,19,5,6,0,5.0,1.0,1.0
0,1,45,9,5,3,7.0,1.0,1.0
0,1,22,1,6,0,7.0,2.0,1.0
1,2,23,9,2,2,4.0,1.0,2.0
1,1,22,9,6,1,4.0,1.0,1.0
0,1,27,9,2,0,5.0,1.0,1.0
1,1,30,9,6,0,3.0,1.0,1.0
0,1,29,9,6,0,8.0,1.0,1.0
0,2,37,9,3,1,7.0,1.0,2.0
1,1,33,9,6,1,5.0,1.0,1.0
0,1,23,1,6,0,7.0,2.0,1.0
0,2,22,9,3,1,5.0,1.0,2.0
0,1,29,9,2,3,3.0,1.0,1.0
1,1,23,9,5,1,4.0,1.0,1.0
1,2,25,9,6,1,5.0,1.0,2.0
0,1,28,5,6,0,5.0,1.0,1.0
0,2,21,9,2,0,7.0,1.0,2.0
1,2,54,5,6,1,6.0,1.0,2.0
0,1,63,5,3,3,5.0,1.0,1.0
0,1,35,9,2,4,5.0,1.0,1.0
0,1,62,9,1,7,3.0,1.0,1.0
0,1,25,9,6,0,5.0,1.0,1.0
0,1,42,9,5,1,5.0,1.0,1.0
1,1,21,9,6,0,5.0,1.0,1.0
0,2,24,9,6,0,6.0,1.0,2.0
0,1,36,9,6,0,5.0,1.0,1.0
0,1,19,9,5,0,5.0,1.0,1.0
1,2,27,9,5,1,4.0,1.0,2.0
1,1,38,9,6,0,7.0,1.0,1.0
1,1,34,9,2,2,7.0,1.0,1.0
0,2,28,9,2,3,4.0,1.0,2.0
1,1,42,9,6,6,3.0,1.0,1.0
1,1,27,9,6,0,7.0,1.0,1.0
1,1,19,9,6,0,4.0,1.0,1.0
0,1,54,9,6,0,4.0,1.0,1.0
0,1,58,9,5,0,3.0,1.0,1.0
1,2,65,9,4,6,4.0,1.0,2.0
0,1,59,9,4,5,4.0,1.0,1.0
0,1,60,9,5,3,5.0,1.0,1.0
1,1,21,9,6,0,5.0,1.0,1.0
1,2,34,9,2,4,5.0,1.0,2.0
0,1,50,1,6,1,5.0,1.0,1.0
1,1,52,9,5,4,4.0,1.0,1.0
0,1,18,9,6,0,5.0,1.0,1.0
0,1,28,9,3,1,6.0,1.0,1.0
1,1,31,9,6,0,5.0,1.0,1.0
1,2,21,9,6,1,6.0,1.0,2.0
1,1,28,9,2,1,5.0,1.0,1.0
0,1,59,9,5,3,7.0,1.0,1.0
0,2,38,1,3,3,3.0,1.0,2.0
0,1,49,9,3,3,5.0,1.0,1.0
1,2,25,9,2,1,4.0,1.0,2.0
1,1,33,9,2,2,4.0,1.0,1.0
0,1,64,5,5,3,4.0,1.0,1.0
0,1,19,9,6,0,4.0,1.0,1.0
1,1,28,9,6,0,6.0,1.0,1.0
1,1,28,9,1,3,4.0,1.0,1.0
0,1,28,9,5,0,8.0,2.0,1.0
0,2,36,9,6,2,5.0,1.0,2.0
0,2,27,9,3,1,6.0,1.0,2.0
1,2,38,9,5,1,7.0,1.0,2.0
0,1,65,9,3,2,5.0,1.0,1.0
0,1,51,9,5,0,7.0,1.0,1.0
0,2,27,9,6,1,5.0,1.0,2.0
0,1,23,9,6,0,6.0,1.0,1.0
0,1,19,9,6,0,4.0,1.0,1.0
0,2,27,9,6,1,6.0,1.0,2.0
1,1,36,9,2,2,6.0,1.0,1.0
1,1,28,9,6,0,7.0,1.0,1.0
0,2,21,9,3,0,4.0,1.0,2.0
1,1,23,5,2,0,4.0,1.0,1.0
1,2,21,9,6,0,7.0,1.0,2.0
1,1,31,9,6,0,6.0,2.0,1.0
0,1,48,1,6,2,3.0,1.0,1.0
1,1,20,9,6,0,4.0,1.0,1.0
0,2,49,5,3,2,6.0,1.0,2.0
1,1,64,9,6,4,3.0,1.0,1.0
0,1,38,9,6,0,8.0,2.0,1.0
1,1,23,5,6,2,5.0,1.0,1.0
1,1,33,9,6,1,4.0,1.0,1.0
0,1,43,9,1,1,5.0,1.0,1.0
0,2,52,9,4,1,5.0,1.0,2.0
0,1,53,9,3,2,8.0,1.0,1.0
0,1,29,9,6,2,5.0,1.0,1.0
0,2,55,9,6,0,6.0,1.0,2.0
1,1,27,1,6,0,3.0,1.0,1.0
0,1,20,5,6,0,6.0,1.0,1.0
0,1,30,9,6,0,4.0,1.0,1.0
0,2,53,9,2,1,5.0,1.0,2.0
1,1,22,9,6,0,4.0,1.0,1.0
0,1,20,9,6,0,5.0,1.0,1.0
1,2,36,9,6,0,8.0,1.0,2.0
1,2,18,9,1,0,5.0,1.0,2.0
0,1,62,9,5,0,3.0,1.0,1.0
0,1,58,9,2,2,6.0,1.0,1.0
0,1,35,1,6,2,6.0,1.0,1.0
0,2,65,9,2,2,6.0,1.0,2.0
0,1,52,9,2,3,5.0,1.0,1.0
0,1,26,9,5,1,5.0,1.0,1.0
0,2,58,9,3,3,5.0,1.0,2.0
0,2,34,9,6,1,7.0,1.0,2.0
1,1,41,9,3,2,6.0,1.0,1.0
1,1,25,9,1,0,8.0,1.0,1.0
0,1,29,9,2,0,6.0,1.0,1.0
1,1,30,9,6,0,6.0,1.0,1.0
0,1,62,9,3,2,6.0,1.0,1.0
0,1,27,5,3,0,7.0,1.0,1.0
0,1,51,5,5,3,4.0,1.0,1.0
0,1,61,5,5,1,4.0,1.0,1.0
1,1,43,9,2,2,3.0,1.0,1.0
0,1,22,9,2,1,3.0,1.0,1.0
0,1,45,9,2,7,4.0,1.0,1.0
1,2,18,9,6,1,5.0,1.0,2.0
0,1,38,9,2,3,5.0,1.0,1.0
0,1,26,9,2,1,5.0,1.0,1.0
0,1,38,9,5,2,3.0,1.0,1.0
0,2,63,9,2,5,3.0,1.0,2.0
0,1,25,9,6,0,7.0,1.0,1.0
0,2,32,9,3,1,4.0,1.0,2.0
0,2,50,9,3,3,6.0,1.0,2.0
0,1,20,9,6,0,7.0,1.0,1.0
1,1,40,9,1,2,5.0,1.0,1.0
0,1,40,9,6,1,5.0,1.0,1.0
1,1,25,9,6,0,5.0,1.0,1.0
0,1,56,9,3,2,3.0,1.0,1.0
1,1,32,9,1,0,7.0,1.0,1.0
1,1,37,9,1,2,4.0,1.0,1.0
1,1,23,9,2,1,4.0,1.0,1.0
0,2,23,9,6,0,7.0,1.0,2.0
0,1,18,9,6,0,7.0,1.0,1.0
0,2,24,9,1,1,4.0,1.0,2.0
0,1,39,9,6,0,6.0,1.0,1.0
0,2,28,9,2,2,7.0,1.0,2.0
0,1,34,9,3,2,5.0,1.0,1.0
0,1,29,9,2,2,5.0,1.0,1.0
0,1,18,9,6,1,5.0,1.0,1.0
1,1,37,9,3,2,6.0,1.0,1.0
0,2,33,9,1,0,8.0,1.0,2.0
0,1,19,9,6,0,7.0,1.0,1.0
0,1,30,9,6,0,6.0,1.0,1.0
1,1,49,9,2,4,3.0,1.0,1.0
0,2,30,5,5,1,7.0,1.0,2.0
1,1,45,9,6,2,3.0,1.0,1.0
0,1,31,9,2,2,5.0,1.0,1.0
1,1,32,9,6,1,6.0,1.0,1.0
0,1,47,1,2,1,3.0,1.0,1.0
1,1,36,9,6,0,7.0,1.0,1.0
0,2,24,9,6,1,5.0,3.0,2.0
1,1,33,9,6,1,5.0,1.0,1.0
1,1,23,9,6,0,5.0,1.0,1.0
0,1,34,9,2,5,4.0,1.0,1.0
0,2,23,9,6,1,7.0,1.0,2.0
0,1,40,9,3,1,5.0,1.0,1.0
0,1,45,9,5,1,4.0,1.0,1.0
0,1,42,9,6,2,3.0,1.0,1.0
0,1,44,9,6,1,5.0,1.0,1.0
0,1,31,9,2,1,5.0,1.0,1.0
0,1,50,9,6,0,5.0,1.0,1.0
0,2,46,9,6,0,6.0,4.0,3.0
0,2,23,5,6,0,7.0,2.0,2.0
1,2,22,9,6,1,6.0,1.0,2.0
1,1,28,9,1,0,6.0,1.0,1.0
0,2,20,9,2,1,3.0,1.0,2.0
1,1,21,9,2,1,4.0,1.0,1.0
0,2,60,9,5,3,3.0,1.0,2.0
1,1,23,9,6,0,5.0,1.0,1.0
0,1,30,9,5,2,3.0,1.0,1.0
0,1,30,9,3,1,7.0,3.0,1.0
0,1,57,9,2,2,3.0,1.0,1.0
0,1,38,9,2,0,6.0,1.0,1.0
0,2,62,9,3,3,5.0,1.0,2.0
0,1,26,9,6,0,7.0,1.0,1.0
0,1,18,9,6,0,7.0,1.0,1.0
0,1,39,9,6,0,3.0,1.0,1.0
1,1,23,9,6,0,5.0,1.0,1.0
0,1,20,9,6,0,5.0,1.0,1.0
0,1,52,9,5,2,7.0,1.0,1.0
1,1,27,9,5,1,6.0,1.0,1.0
0,1,62,5,6,2,5.0,1.0,1.0
0,1,35,9,6,0,7.0,1.0,1.0
1,2,23,5,5,1,5.0,1.0,2.0
0,1,24,1,6,0,7.0,1.0,1.0
1,2,19,9,5,1,5.0,1.0,2.0
1,2,18,9,6,1,6.0,3.0,2.0
0,2,27,1,2,1,5.0,1.0,2.0
0,1,30,9,6,0,7.0,1.0,1.0
0,1,37,9,5,1,6.0,1.0,1.0
0,1,56,9,2,3,5.0,1.0,1.0
0,1,42,9,3,2,8.0,1.0,1.0
0,1,49,9,5,1,5.0,1.0,1.0
0,1,27,9,2,0,6.0,1.0,1.0
0,2,23,9,6,1,5.0,1.0,2.0
0,1,33,9,6,0,7.0,2.0,1.0
0,1,40,9,5,1,6.0,1.0,1.0
0,2,33,9,5,2,5.0,1.0,2.0
1,1,27,9,6,0,6.0,1.0,1.0
1,1,38,9,2,1,4.0,1.0,1.0
1,1,45,9,3,1,5.0,1.0,1.0
0,2,58,9,6,0,6.0,1.0,2.0
1,1,22,9,6,0,6.0,1.0,1.0
1,1,29,9,5,0,6.0,1.0,1.0
1,1,27,9,2,1,5.0,1.0,1.0
0,1,22,9,6,0,6.0,1.0,1.0
0,2,41,9,6,0,6.0,1.0,2.0
0,1,40,9,3,4,5.0,1.0,1.0
0,2,36,9,6,1,6.0,1.0,2.0
1,1,25,9,6,0,7.0,2.0,1.0
0,1,22,9,6,0,5.0,1.0,1.0
0,1,30,9,5,2,3.0,1.0,1.0
1,2,28,9,6,0,7.0,1.0,2.0
0,2,54,9,5,2,5.0,1.0,2.0
1,1,19,9,5,1,4.0,1.0,1.0
1,2,22,5,5,1,7.0,1.0,2.0
0,1,27,5,2,2,5.0,1.0,1.0
0,1,26,5,6,1,4.0,1.0,1.0
0,2,27,9,2,3,4.0,1.0,2.0
1,1,24,9,6,0,7.0,1.0,1.0
1,1,43,9,6,1,5.0,1.0,1.0
1,1,24,9,6,0,4.0,1.0,1.0
1,1,58,9,5,1,3.0,1.0,1.0
1,1,30,9,6,0,5.0,1.0,1.0
0,1,23,9,6,0,4.0,1.0,1.0
0,1,26,9,2,1,5.0,1.0,1.0
1,1,36,9,6,0,3.0,1.0,1.0
0,1,25,9,2,2,6.0,1.0,1.0
1,2,45,9,5,0,7.0,1.0,2.0
1,1,48,9,3,2,5.0,1.0,1.0
0,1,18,9,6,0,4.0,1.0,1.0
1,1,31,9,2,2,6.0,1.0,1.0
0,1,30,5,6,0,6.0,1.0,1.0
0,1,22,5,6,0,6.0,1.0,1.0
1,2,22,9,5,0,6.0,2.0,2.0
0,1,46,9,3,2,3.0,1.0,1.0
0,1,46,9,6,0,8.0,1.0,1.0
0,1,35,9,6,1,4.0,1.0,1.0
0,1,53,9,3,0,6.0,1.0,1.0
0,1,30,1,6,0,5.0,1.0,1.0
1,2,36,9,2,3,3.0,1.0,2.0
0,1,47,9,6,0,6.0,1.0,1.0
1,1,23,5,6,0,5.0,1.0,1.0
0,1,20,5,2,2,5.0,1.0,1.0
1,1,32,9,1,0,6.0,1.0,1.0
1,2,23,9,6,0,7.0,1.0,2.0
0,1,35,9,6,0,5.0,1.0,1.0
0,1,30,9,3,1,5.0,1.0,1.0
1,1,57,9,6,0,4.0,1.0,1.0
1,2,28,5,2,1,5.0,1.0,2.0
0,2,18,9,2,0,4.0,1.0,2.0
1,2,22,9,2,0,5.0,1.0,2.0
1,1,33,9,2,1,4.0,1.0,1.0
1,2,20,1,6,2,4.0,1.0,2.0
0,1,20,9,6,0,5.0,1.0,1.0
0,1,25,5,1,1,6.0,1.0,1.0
1,1,20,9,6,0,4.0,1.0,1.0
0,1,49,9,6,0,3.0,1.0,1.0
0,1,28,9,1,0,4.0,2.0,1.0
0,2,19,9,1,0,5.0,1.0,2.0
0,1,61,9,6,8,4.0,1.0,1.0
1,2,48,9,4,1,7.0,1.0,2.0
1,1,22,9,6,0,7.0,1.0,1.0
0,2,64,9,5,2,3.0,1.0,2.0
0,1,53,9,5,0,5.0,1.0,1.0
1,1,60,9,2,1,4.0,1.0,1.0
0,1,32,5,1,4,4.0,1.0,1.0
1,1,62,9,2,1,3.0,1.0,1.0
1,2,24,9,5,1,5.0,1.0,2.0
0,1,22,9,6,0,5.0,1.0,1.0
0,1,20,9,6,0,4.0,1.0,1.0
1,1,36,5,6,0,4.0,1.0,1.0
1,1,25,9,6,0,6.0,1.0,1.0
1,1,21,9,2,0,6.0,1.0,1.0
1,1,27,9,5,1,6.0,1.0,1.0
0,2,40,9,2,3,5.0,1.0,2.0
0,1,46,9,5,3,4.0,1.0,1.0
0,1,53,9,5,2,3.0,1.0,1.0
1,2,18,9,2,0,3.0,1.0,2.0
1,1,31,5,5,3,5.0,1.0,1.0
0,1,32,9,2,1,5.0,1.0,1.0
0,1,39,9,3,2,6.0,1.0,1.0
0,2,33,9,2,2,5.0,1.0,2.0
0,1,27,9,6,1,4.0,1.0,1.0
1,1,23,9,6,0,5.0,1.0,1.0
0,2,20,9,6,0,7.0,2.0,2.0
1,2,19,9,6,0,4.0,1.0,2.0
1,1,21,9,6,0,5.0,1.0,1.0
0,2,28,9,6,0,7.0,1.0,2.0
1,2,31,9,5,2,6.0,1.0,2.0
0,2,21,9,6,0,7.0,1.0,2.0
1,1,24,1,6,0,5.0,2.0,1.0
0,1,38,9,6,0,7.0,1.0,1.0
0,2,46,9,6,1,3.0,1.0,2.0
1,2,20,1,2,1,6.0,1.0,2.0
0,2,29,9,6,0,6.0,1.0,2.0
0,2,33,9,2,2,5.0,1.0,2.0
0,2,41,9,2,1,7.0,1.0,2.0
0,2,34,9,3,3,6.0,1.0,2.0
1,2,18,9,1,1,4.0,1.0,2.0
0,1,52,9,5,4,6.0,1.0,1.0
0,1,31,9,2,2,6.0,1.0,1.0
1,1,39,5,6,1,7.0,1.0,1.0
1,1,19,9,1,0,5.0,1.0,1.0
1,1,24,9,6,0,8.0,1.0,1.0
0,1,18,9,2,1,4.0,1.0,1.0
1,1,32,5,6,0,3.0,1.0,1.0
1,1,23,9,6,0,7.0,1.0,1.0
0,1,20,9,6,0,6.0,1.0,1.0
0,1,33,9,3,2,5.0,1.0,1.0
1,1,22,9,6,0,6.0,1.0,1.0
1,1,33,5,5,0,7.0,1.0,1.0
0,1,34,9,6,0,7.0,1.0,1.0
1,1,27,9,6,0,6.0,3.0,1.0
1,1,19,9,6,0,5.0,1.0,1.0
1,1,20,9,6,0,5.0,1.0,1.0
1,2,37,9,5,4,3.0,1.0,2.0
1,1,30,9,6,0,7.0,1.0,1.0
0,1,27,9,2,1,4.0,1.0,1.0
1,1,24,9,6,0,5.0,1.0,1.0
0,1,52,9,6,2,6.0,1.0,1.0
0,1,36,9,5,0,5.0,1.0,1.0
1,1,29,5,1,1,6.0,1.0,1.0
0,1,43,5,5,0,4.0,1.0,1.0
0,1,55,9,6,0,4.0,1.0,1.0
0,2,37,9,3,2,8.0,1.0,1.0
1,1,51,9,6,1,5.0,2.0,3.0
0,2,37,9,6,0,7.0,1.0,2.0
1,1,27,1,2,0,4.0,1.0,1.0
0,1,19,9,6,0,7.0,1.0,1.0
0,1,23,9,3,0,4.0,1.0,1.0
1,2,18,9,5,1,5.0,1.0,2.0
1,2,45,9,2,1,5.0,1.0,2.0
0,1,58,9,2,5,5.0,1.0,1.0
0,2,18,9,6,0,7.0,1.0,2.0
0,2,52,9,6,1,7.0,1.0,2.0
0,1,41,9,6,4,6.0,1.0,1.0
0,1,27,9,6,0,5.0,1.0,1.0
1,1,34,9,2,2,5.0,1.0,1.0
1,1,27,9,4,0,3.0,1.0,1.0
1,1,23,9,6,0,5.0,1.0,1.0
1,1,33,9,1,3,4.0,1.0,1.0
0,1,22,9,6,0,5.0,1.0,1.0
1,2,21,9,6,0,7.0,1.0,2.0
1,2,31,9,3,1,7.0,1.0,2.0
0,2,19,9,6,0,6.0,1.0,2.0
0,1,42,9,3,2,5.0,1.0,1.0
0,1,26,9,2,0,5.0,1.0,1.0
0,1,18,9,6,0,7.0,3.0,1.0
0,1,19,5,6,0,5.0,1.0,1.0
0,2,58,9,3,2,3.0,1.0,2.0
0,2,21,9,6,0,6.0,1.0,2.0
0,1,39,9,6,1,4.0,1.0,1.0
0,1,26,9,2,2,5.0,1.0,1.0
0,1,60,9,5,3,3.0,1.0,1.0
1,1,23,5,2,2,5.0,1.0,1.0
0,2,63,9,4,1,4.0,1.0,2.0
0,1,25,9,2,1,5.0,1.0,1.0
0,1,35,5,3,1,5.0,1.0,1.0
0,1,43,9,6,0,7.0,1.0,1.0
1,2,22,9,6,2,3.0,1.0,2.0
0,1,65,9,6,0,7.0,1.0,1.0
1,1,30,9,2,0,8.0,1.0,1.0
1,2,23,9,6,0,6.0,1.0,2.0
1,1,29,5,6,0,7.0,2.0,1.0
1,2,36,9,1,0,6.0,1.0,2.0
1,2,19,9,6,0,7.0,1.0,2.0
0,2,30,9,6,1,6.0,1.0,2.0
1,1,23,9,6,0,7.0,1.0,1.0
1,1,42,9,5,2,4.0,1.0,1.0
0,2,59,9,2,2,3.0,1.0,2.0
0,1,41,9,2,2,5.0,1.0,1.0
1,1,31,9,6,0,6.0,1.0,1.0
1,1,20,1,6,0,5.0,1.0,1.0
1,1,19,9,6,0,5.0,1.0,1.0
0,2,19,9,6,0,5.0,1.0,2.0
1,1,21,9,2,1,5.0,1.0,1.0
0,1,55,9,6,0,7.0,1.0,1.0
0,2,45,9,6,1,5.0,1.0,2.0
1,2,49,9,2,2,6.0,1.0,2.0
0,2,22,9,6,0,6.0,2.0,2.0
1,1,47,1,5,1,7.0,3.0,1.0
0,2,31,9,2,0,7.0,1.0,2.0
0,1,43,9,6,2,4.0,1.0,1.0
0,1,64,9,3,4,5.0,1.0,1.0
0,2,20,9,6,0,7.0,1.0,2.0
0,2,26,9,2,1,6.0,1.0,2.0
1,1,24,9,2,3,3.0,1.0,1.0
0,1,33,9,6,1,5.0,1.0,1.0
1,1,20,9,6,0,6.0,1.0,1.0
1,2,52,9,5,2,4.0,1.0,2.0
1,2,21,9,6,0,7.0,2.0,2.0
1,1,32,9,6,2,5.0,1.0,1.0
1,1,24,9,6,0,7.0,1.0,1.0
1,2,27,9,6,1,4.0,1.0,2.0
0,1,53,9,6,0,6.0,1.0,1.0
0,1,24,9,6,0,7.0,1.0,1.0
1,1,24,9,6,0,6.0,1.0,1.0
1,1,53,9,5,1,3.0,1.0,1.0
1,2,22,9,6,0,7.0,1.0,2.0
0,1,50,9,6,2,4.0,1.0,1.0
0,2,19,9,1,0,5.0,1.0,2.0
0,2,39,9,1,0,8.0,1.0,2.0
1,1,61,9,5,1,3.0,1.0,1.0
0,1,53,9,2,4,5.0,1.0,1.0
0,1,65,9,5,2,5.0,1.0,1.0
0,2,19,9,6,1,5.0,1.0,2.0
0,1,44,9,3,2,6.0,1.0,1.0
0,1,30,9,1,0,3.0,1.0,1.0
0,2,33,9,6,0,4.0,1.0,2.0
0,2,18,9,6,0,6.0,1.0,2.0
1,2,37,9,6,1,7.0,1.0,2.0
1,1,30,9,6,0,7.0,1.0,1.0
0,1,59,9,6,0,4.0,1.0,1.0
1,1,50,9,6,0,5.0,1.0,1.0
0,2,36,5,2,5,5.0,1.0,2.0
0,1,18,9,6,0,5.0,1.0,1.0
1,2,25,9,6,0,5.0,2.0,2.0
1,1,22,9,6,0,5.0,1.0,1.0
0,2,37,9,5,1,6.0,3.0,2.0
1,1,21,9,6,0,5.0,1.0,1.0
0,1,37,5,5,2,5.0,1.0,1.0
0,1,57,5,2,3,5.0,1.0,1.0
0,1,32,5,6,1,3.0,1.0,1.0
0,1,56,9,5,5,3.0,1.0,1.0
0,1,55,9,3,2,3.0,1.0,1.0
1,1,38,9,6,1,6.0,1.0,1.0
1,1,37,9,2,1,8.0,1.0,1.0
0,2,29,9,2,0,5.0,1.0,2.0
0,1,64,1,3,3,3.0,1.0,1.0
1,1,27,1,2,1,6.0,1.0,1.0
0,1,48,9,1,1,1.0,1.0,1.0
1,2,30,9,3,2,7.0,1.0,2.0
0,1,35,9,2,3,3.0,1.0,2.0
1,1,31,9,2,3,6.0,1.0,1.0
1,1,34,9,6,0,6.0,1.0,1.0
0,1,56,9,5,2,5.0,1.0,1.0
1,1,43,9,5,0,3.0,1.0,1.0
0,1,34,9,6,0,6.0,1.0,1.0
0,2,28,5,5,1,7.0,1.0,2.0
0,2,27,9,6,0,7.0,1.0,2.0
0,2,24,9,6,0,7.0,1.0,2.0
1,1,44,9,6,0,7.0,1.0,1.0
1,1,36,9,2,1,6.0,1.0,1.0
0,1,28,1,2,1,4.0,1.0,1.0
0,2,37,9,2,1,6.0,1.0,2.0
1,1,43,5,3,0,6.0,1.0,2.0
0,1,21,9,6,0,7.0,1.0,1.0
0,1,30,9,3,1,4.0,1.0,1.0
1,1,19,9,6,0,4.0,1.0,1.0
1,2,25,9,3,2,5.0,1.0,2.0
0,2,39,9,3,3,4.0,1.0,2.0
1,1,28,9,2,2,5.0,1.0,1.0
0,1,25,9,6,1,5.0,1.0,1.0
0,1,35,9,6,1,3.0,1.0,1.0
1,1,20,9,6,1,5.0,1.0,1.0
0,1,23,9,3,1,7.0,1.0,1.0
1,2,19,9,6,0,5.0,1.0,2.0
0,2,19,9,5,1,6.0,1.0,2.0
1,1,22,9,6,0,5.0,1.0,1.0
1,1,32,9,6,1,6.0,1.0,1.0
0,1,25,9,6,0,6.0,1.0,1.0
0,1,53,9,2,3,5.0,1.0,1.0
0,1,38,9,2,2,4.0,1.0,1.0
0,1,33,9,6,0,7.0,1.0,1.0
0,1,51,9,3,3,4.0,1.0,1.0
1,2,25,1,2,0,6.0,1.0,2.0
0,1,23,9,5,1,5.0,1.0,1.0
0,1,23,9,6,0,5.0,1.0,1.0
0,1,39,9,3,2,3.0,1.0,1.0
1,1,33,9,3,1,6.0,1.0,1.0
1,1,26,9,1,1,7.0,1.0,1.0
0,1,36,9,6,0,7.0,1.0,1.0
0,1,50,9,5,4,5.0,1.0,1.0
1,2,31,9,6,0,7.0,1.0,2.0
1,1,19,9,6,0,5.0,1.0,1.0
1,1,23,9,6,0,8.0,1.0,1.0
0,1,23,9,6,0,7.0,1.0,1.0
0,1,35,9,2,1,6.0,1.0,1.0
1,1,32,5,5,2,4.0,1.0,1.0
1,1,25,5,6,1,4.0,1.0,1.0
1,1,18,9,6,0,4.0,1.0,1.0
0,1,25,9,6,0,4.0,1.0,1.0
0,1,21,1,6,0,5.0,1.0,1.0
1,1,25,9,6,0,7.0,1.0,1.0
0,1,27,5,6,1,7.0,1.0,1.0
1,1,21,9,6,0,5.0,1.0,1.0
1,2,39,5,1,6,4.0,1.0,2.0
0,2,26,9,6,2,4.0,1.0,2.0
0,2,44,1,3,4,5.0,1.0,2.0
1,1,45,5,6,0,5.0,1.0,1.0
1,1,19,9,6,0,6.0,1.0,1.0
1,1,30,9,5,1,4.0,1.0,1.0
0,1,22,9,2,0,5.0,1.0,1.0
0,1,64,9,5,3,7.0,1.0,1.0
1,1,60,9,5,3,5.0,1.0,1.0
0,1,53,9,2,4,3.0,1.0,1.0
0,2,27,9,2,1,5.0,1.0,2.0
0,2,65,9,4,1,8.0,1.0,2.0
0,2,23,9,6,1,6.0,1.0,2.0
0,1,57,5,3,5,5.0,1.0,1.0
1,1,28,9,6,0,8.0,1.0,1.0
1,1,26,1,2,1,5.0,1.0,1.0
0,1,20,9,6,0,5.0,1.0,1.0
0,2,30,9,3,1,7.0,1.0,2.0
0,1,22,9,6,0,7.0,1.0,1.0
0,2,19,1,6,0,5.0,3.0,2.0
0,2,49,9,6,1,5.0,1.0,2.0
0,2,55,9,5,3,5.0,1.0,2.0
0,1,37,9,2,1,5.0,1.0,1.0
0,1,30,9,6,0,7.0,1.0,1.0
1,1,20,5,6,0,5.0,1.0,1.0
1,1,24,9,6,0,3.0,1.0,1.0
0,2,39,1,3,2,8.0,1.0,2.0
0,2,40,9,6,0,7.0,1.0,2.0
1,2,28,9,2,2,4.0,1.0,2.0
0,1,59,9,2,4,3.0,1.0,1.0
1,2,42,9,2,2,5.0,1.0,2.0
1,1,24,9,6,0,5.0,1.0,1.0
1,1,21,9,6,0,6.0,1.0,1.0
1,1,23,9,6,0,7.0,1.0,1.0
1,2,28,9,3,2,4.0,1.0,2.0
1,2,28,9,6,0,7.0,1.0,2.0
1,2,45,9,6,0,3.0,1.0,2.0
1,1,22,9,6,0,7.0,1.0,1.0
0,2,29,9,2,2,6.0,1.0,2.0
1,2,45,9,6,2,6.0,1.0,2.0
0,1,52,9,6,2,4.0,1.0,1.0
0,1,22,9,6,0,6.0,1.0,1.0
0,2,20,9,6,0,5.0,1.0,2.0
1,2,31,9,3,1,7.0,1.0,2.0
1,1,25,9,1,0,7.0,1.0,1.0
0,1,23,9,6,0,7.0,1.0,1.0
1,1,43,9,6,0,5.0,1.0,1.0
0,2,29,9,3,1,8.0,1.0,2.0
0,2,39,9,3,2,8.0,1.0,2.0
1,1,26,9,1,1,6.0,1.0,1.0
1,1,25,9,6,0,6.0,1.0,1.0
1,2,23,9,6,0,7.0,1.0,2.0
0,2,26,9,2,3,7.0,1.0,2.0
1,1,33,9,6,1,3.0,1.0,1.0
0,1,23,9,6,0,6.0,1.0,1.0
0,2,27,9,2,1,5.0,1.0,2.0
0,1,48,9,2,3,4.0,1.0,1.0
1,2,29,9,5,2,5.0,1.0,2.0
0,1,59,9,3,2,7.0,1.0,1.0
1,1,60,9,3,3,8.0,1.0,1.0
0,1,61,9,2,2,1.0,1.0,1.0
1,1,23,9,6,0,8.0,1.0,1.0
1,1,30,9,6,0,6.0,1.0,1.0
0,1,34,9,6,0,7.0,1.0,1.0
0,2,19,9,6,0,7.0,1.0,2.0
0,1,23,9,6,0,7.0,1.0,1.0
1,1,53,9,5,2,5.0,1.0,1.0
1,1,26,9,1,0,5.0,1.0,1.0
1,1,24,9,6,1,6.0,1.0,1.0
0,2,65,9,3,2,5.0,1.0,2.0
1,1,23,1,2,2,5.0,1.0,1.0
0,2,22,9,2,1,5.0,1.0,2.0
0,1,40,9,6,1,7.0,1.0,1.0
0,2,27,9,1,1,6.0,1.0,2.0
1,1,25,9,6,0,7.0,1.0,1.0
0,2,27,9,6,0,7.0,1.0,2.0
1,1,27,9,1,0,6.0,1.0,1.0
1,1,26,9,6,0,4.0,1.0,1.0
1,2,29,9,5,2,6.0,1.0,2.0
0,1,24,9,6,0,7.0,1.0,1.0
0,2,24,9,6,0,7.0,3.0,2.0
0,1,45,9,2,0,4.0,1.0,1.0
1,1,33,9,2,2,4.0,1.0,1.0
1,2,35,9,6,0,6.0,1.0,2.0
1,1,42,9,6,0,5.0,1.0,1.0
0,2,33,9,1,3,3.0,1.0,2.0
1,2,44,9,3,1,8.0,1.0,2.0
0,2,23,9,6,1,6.0,1.0,2.0
1,1,35,9,6,1,4.0,2.0,3.0
1,1,29,3,6,0,7.0,1.0,1.0
0,1,52,9,6,0,6.0,1.0,1.0
0,2,46,9,1,0,8.0,1.0,2.0
0,1,47,9,6,0,7.0,1.0,1.0
1,1,47,9,5,2,3.0,1.0,1.0
0,1,25,9,6,1,6.0,1.0,1.0
0,1,63,9,3,2,3.0,1.0,1.0
0,1,33,9,2,2,4.0,1.0,1.0
0,1,27,9,6,1,5.0,1.0,1.0
1,1,28,9,6,0,8.0,2.0,1.0
1,1,63,9,3,4,4.0,1.0,1.0
1,1,22,9,3,0,4.0,1.0,1.0
0,1,65,9,3,0,3.0,1.0,1.0
0,2,27,9,6,0,7.0,1.0,2.0
0,2,21,1,6,0,6.0,1.0,2.0
0,2,34,9,6,1,7.0,1.0,2.0
0,1,59,9,3,3,3.0,1.0,1.0
0,2,22,9,6,2,5.0,1.0,2.0
0,1,31,5,2,0,6.0,1.0,1.0
0,1,49,1,6,5,4.0,1.0,1.0
1,1,31,9,2,0,5.0,1.0,1.0
1,1,19,9,6,0,4.0,1.0,1.0
1,1,21,9,6,0,4.0,1.0,1.0
0,1,40,9,5,3,5.0,1.0,1.0
1,1,25,5,1,1,5.0,1.0,1.0
0,1,58,9,3,3,5.0,1.0,1.0
0,1,48,9,5,0,6.0,1.0,1.0
0,2,54,9,2,2,5.0,1.0,2.0
0,1,59,9,2,2,3.0,1.0,1.0
1,1,40,9,6,1,4.0,1.0,1.0
0,1,18,9,6,0,5.0,1.0,1.0
0,1,36,9,3,2,7.0,1.0,1.0
1,2,27,9,6,1,7.0,1.0,2.0
1,2,26,9,6,0,7.0,1.0,2.0
0,1,50,9,2,3,4.0,1.0,1.0
0,2,26,9,2,1,7.0,1.0,2.0
0,1,24,9,6,1,7.0,1.0,1.0
0,1,40,5,2,4,5.0,1.0,1.0
1,1,21,9,1,0,7.0,1.0,1.0
1,1,26,1,5,1,6.0,1.0,1.0
0,1,23,5,6,1,5.0,1.0,2.0
0,2,41,9,2,2,4.0,1.0,2.0
1,1,18,9,6,0,5.0,1.0,1.0
0,2,32,9,2,2,4.0,1.0,2.0
1,1,31,9,6,0,7.0,1.0,1.0
0,1,25,9,6,1,6.0,1.0,1.0
0,1,32,9,2,1,6.0,1.0,1.0
1,1,54,9,3,1,3.0,1.0,1.0
0,2,27,9,2,2,6.0,1.0,2.0
0,2,37,9,6,3,5.0,1.0,2.0
1,1,23,9,6,0,5.0,1.0,1.0
1,1,18,9,6,0,4.0,1.0,1.0
1,1,60,1,6,0,4.0,1.0,1.0
1,1,34,9,3,2,7.0,1.0,1.0
1,2,18,9,6,0,4.0,1.0,2.0
0,2,45,9,2,2,6.0,1.0,2.0
0,1,61,9,3,2,3.0,1.0,1.0
0,2,36,9,6,0,6.0,1.0,2.0
0,1,25,5,6,0,3.0,1.0,1.0
1,1,39,9,6,4,4.0,1.0,1.0
1,2,21,9,6,0,6.0,1.0,2.0
1,1,22,9,6,0,4.0,1.0,1.0
0,2,25,9,1,0,6.0,1.0,2.0
1,1,28,9,1,1,6.0,1.0,1.0
0,1,23,9,6,0,7.0,1.0,1.0
1,2,41,9,6,0,8.0,1.0,2.0
1,1,64,9,5,3,4.0,1.0,1.0
1,1,26,9,6,0,6.0,1.0,1.0
1,1,28,9,2,2,5.0,1.0,1.0
0,2,57,9,4,4,4.0,1.0,2.0
0,1,23,9,6,0,7.0,1.0,1.0
1,1,20,9,6,0,6.0,1.0,1.0
0,1,33,9,6,1,4.0,1.0,1.0
1,1,44,9,2,0,5.0,1.0,1.0
0,2,27,9,6,0,6.0,1.0,2.0
0,2,50,9,5,2,3.0,1.0,2.0
0,1,39,9,6,2,5.0,1.0,1.0
0,2,50,9,6,2,5.0,1.0,2.0
0,1,44,5,5,2,4.0,1.0,1.0
1,2,22,9,6,0,7.0,1.0,2.0
1,1,30,9,2,2,5.0,1.0,1.0
1,1,35,9,2,2,5.0,1.0,1.0
1,2,29,5,6,1,6.0,1.0,2.0
1,1,23,9,6,0,7.0,1.0,1.0
1,1,30,9,2,1,4.0,1.0,1.0
0,2,33,9,5,1,6.0,1.0,2.0
0,1,18,1,6,0,5.0,1.0,1.0
0,2,56,9,6,1,3.0,1.0,2.0
1,1,35,5,1,0,5.0,1.0,1.0
0,2,33,9,2,0,7.0,1.0,2.0
0,1,34,9,6,0,5.0,1.0,1.0
0,2,27,9,3,1,7.0,1.0,2.0
0,1,27,1,2,0,7.0,1.0,1.0
1,2,21,9,6,0,7.0,1.0,2.0
1,2,23,9,2,1,4.0,1.0,2.0
1,1,29,9,2,1,6.0,1.0,1.0
0,1,61,1,3,2,7.0,1.0,1.0
0,1,33,9,3,1,6.0,1.0,1.0
1,1,34,9,2,0,4.0,1.0,1.0
1,1,24,5,6,0,5.0,1.0,1.0
1,1,20,9,6,0,5.0,1.0,1.0
1,1,22,9,6,0,6.0,1.0,1.0
0,1,54,9,3,4,6.0,1.0,1.0
0,1,27,9,6,0,7.0,1.0,1.0
0,1,57,9,3,1,3.0,1.0,1.0
1,1,30,9,6,1,5.0,1.0,1.0
0,1,26,9,6,0,7.0,1.0,1.0
0,1,29,9,3,1,7.0,1.0,1.0
1,2,19,9,6,0,5.0,1.0,2.0
0,1,40,9,2,0,5.0,1.0,1.0
0,1,47,9,6,3,5.0,1.0,1.0
1,1,21,9,6,1,5.0,1.0,1.0
1,1,25,9,2,0,4.0,1.0,1.0
1,1,32,9,5,2,4.0,1.0,1.0
0,1,34,9,6,0,6.0,1.0,1.0
1,1,50,9,2,2,3.0,1.0,1.0
1,1,29,9,2,2,5.0,1.0,1.0
0,1,56,9,6,0,4.0,1.0,1.0
1,1,34,9,6,1,6.0,1.0,1.0
0,1,65,9,3,5,4.0,1.0,1.0
1,1,19,9,6,0,5.0,1.0,1.0
0,1,26,9,6,0,7.0,1.0,1.0
0,1,61,5,3,4,5.0,1.0,1.0
0,1,38,5,2,0,5.0,1.0,1.0
1,1,32,9,6,1,7.0,1.0,1.0
0,1,28,9,6,1,7.0,1.0,1.0
1,2,23,9,5,1,7.0,1.0,2.0
0,1,37,9,2,1,6.0,1.0,1.0
0,1,60,9,2,2,5.0,1.0,1.0
0,1,35,9,6,0,6.0,1.0,1.0
0,1,40,9,2,3,5.0,1.0,1.0
0,2,21,9,6,0,7.0,1.0,2.0
0,2,33,9,2,2,7.0,1.0,2.0
0,1,24,9,6,0,6.0,1.0,1.0
0,2,29,1,2,4,3.0,1.0,2.0
0,2,18,9,1,0,5.0,3.0,2.0
0,1,48,9,3,0,6.0,1.0,1.0
0,2,28,9,1,0,6.0,1.0,2.0
0,1,64,9,3,1,3.0,1.0,1.0
0,2,33,9,3,0,7.0,1.0,2.0
1,1,41,9,6,1,5.0,1.0,1.0
0,2,29,9,3,1,4.0,1.0,2.0
0,1,37,9,6,0,5.0,1.0,1.0
0,1,30,9,2,2,4.0,1.0,1.0
1,1,33,1,3,2,4.0,1.0,1.0
0,1,47,9,6,0,6.0,2.0,3.0
1,1,53,9,5,2,6.0,1.0,1.0
1,1,45,1,3,2,3.0,1.0,1.0
1,1,51,9,5,0,5.0,1.0,1.0
0,1,43,9,5,3,7.0,1.0,1.0
0,1,52,9,6,1,7.0,1.0,1.0
0,2,42,1,2,2,7.0,1.0,2.0
1,1,20,9,2,1,4.0,1.0,1.0
1,1,24,9,2,0,4.0,1.0,1.0
0,1,29,9,1,1,7.0,1.0,1.0
1,1,20,9,1,0,5.0,1.0,1.0
1,1,22,5,6,0,5.0,1.0,1.0
0,1,43,9,6,0,4.0,1.0,1.0
0,2,23,5,2,1,5.0,1.0,2.0
1,1,42,9,5,2,5.0,1.0,1.0
1,1,38,9,6,0,7.0,1.0,1.0
1,1,21,9,6,0,4.0,1.0,1.0
1,2,19,9,6,0,5.0,1.0,2.0
1,1,40,9,1,0,8.0,1.0,1.0
0,1,53,9,5,3,3.0,1.0,1.0
1,1,24,9,6,0,5.0,1.0,1.0
0,2,32,9,6,1,8.0,1.0,2.0
1,2,25,9,6,0,6.0,1.0,2.0
0,2,56,9,6,0,8.0,1.0,2.0
0,1,46,2,6,2,6.0,1.0,1.0
1,1,52,9,3,3,5.0,1.0,1.0
0,1,21,9,2,0,4.0,1.0,1.0
0,1,42,9,6,2,6.0,1.0,1.0
1,1,35,9,5,1,1.0,1.0,1.0
0,1,40,9,6,0,7.0,2.0,1.0
1,2,63,5,5,2,1.0,1.0,2.0
0,2,63,9,5,1,5.0,1.0,2.0
1,2,22,9,5,1,6.0,1.0,2.0
1,1,27,9,6,0,5.0,1.0,1.0
0,2,24,5,6,0,6.0,2.0,2.0
0,1,59,9,5,0,3.0,1.0,1.0
0,1,22,9,6,0,5.0,1.0,1.0
1,1,57,9,2,6,3.0,1.0,1.0
1,2,32,9,5,3,5.0,3.0,2.0
1,2,23,9,6,1,5.0,1.0,2.0
0,2,47,9,4,2,1.0,1.0,2.0
1,1,20,9,6,1,6.0,1.0,1.0
0,1,44,9,3,3,6.0,1.0,1.0
0,1,25,9,6,0,7.0,1.0,1.0
0,1,26,9,2,1,6.0,1.0,1.0
0,1,31,9,5,1,7.0,1.0,1.0
0,2,19,9,2,1,5.0,1.0,2.0
0,1,49,5,2,2,3.0,1.0,1.0
0,2,25,9,3,1,6.0,1.0,2.0
0,1,38,5,3,1,6.0,1.0,1.0
1,2,21,9,6,1,5.0,1.0,2.0
1,1,31,9,5,1,8.0,1.0,1.0
1,1,20,9,1,0,5.0,1.0,1.0
0,1,64,9,5,3,6.0,1.0,1.0
0,1,24,9,6,0,6.0,1.0,1.0
1,1,25,9,6,0,7.0,1.0,1.0
1,1,26,9,6,0,7.0,1.0,1.0
1,1,23,9,6,0,7.0,1.0,1.0
0,1,28,5,2,2,6.0,1.0,1.0
0,1,40,9,5,4,3.0,1.0,1.0
0,2,50,9,5,1,7.0,1.0,2.0
0,1,26,9,1,0,7.0,1.0,1.0
0,2,22,9,6,0,6.0,1.0,2.0
0,2,41,1,6,3,3.0,1.0,2.0
1,2,21,9,5,1,5.0,1.0,2.0
0,2,27,9,1,0,6.0,1.0,2.0
0,2,40,9,6,1,4.0,1.0,2.0
0,1,20,9,6,0,7.0,1.0,1.0
0,1,28,9,5,1,5.0,1.0,1.0
0,1,55,5,6,0,6.0,1.0,1.0
0,1,26,9,1,0,5.0,1.0,1.0
0,1,63,9,3,2,3.0,1.0,1.0
0,2,36,9,6,1,6.0,1.0,2.0
1,2,22,9,5,1,5.0,1.0,2.0
0,2,22,9,6,0,7.0,1.0,2.0
0,1,21,9,6,1,4.0,1.0,1.0
1,1,65,9,2,1,5.0,1.0,1.0
1,2,25,9,6,1,6.0,1.0,2.0
0,1,24,5,6,0,7.0,1.0,1.0
1,1,32,9,5,2,8.0,1.0,1.0
0,1,36,9,6,0,8.0,1.0,1.0
0,1,34,9,2,2,4.0,1.0,1.0
1,1,25,9,6,0,7.0,1.0,1.0
0,1,22,9,6,0,7.0,2.0,1.0
1,1,22,9,6,0,4.0,1.0,1.0
1,2,24,9,6,0,5.0,1.0,2.0
0,2,19,9,6,0,5.0,1.0,2.0
1,2,21,9,6,0,6.0,1.0,2.0
1,1,26,9,2,4,5.0,1.0,1.0
0,1,30,9,6,3,5.0,1.0,1.0
0,1,37,9,3,1,3.0,1.0,1.0
0,1,29,9,2,2,4.0,1.0,1.0
0,1,49,9,6,0,3.0,1.0,1.0
1,1,20,9,6,0,1.0,1.0,1.0
0,1,31,9,2,1,5.0,1.0,1.0
1,2,38,9,6,0,5.0,1.0,2.0
0,2,61,9,6,1,3.0,1.0,2.0
0,2,40,9,5,2,6.0,1.0,2.0
0,1,23,9,6,0,4.0,1.0,1.0
0,2,42,9,5,2,7.0,1.0,2.0
0,2,23,9,6,0,8.0,1.0,2.0
0,1,32,9,5,0,5.0,1.0,1.0
0,2,41,9,2,3,3.0,1.0,2.0
1,2,26,9,2,1,6.0,1.0,2.0
1,2,26,9,6,0,8.0,1.0,2.0
1,1,22,9,6,1,5.0,1.0,1.0
0,1,23,9,2,0,7.0,1.0,1.0
0,1,58,9,5,0,8.0,1.0,1.0
0,2,30,9,2,2,7.0,1.0,2.0
1,2,32,9,6,0,6.0,3.0,2.0
1,1,19,5,6,0,6.0,1.0,1.0
0,1,43,5,2,2,7.0,1.0,1.0
0,2,38,9,1,0,7.0,1.0,2.0
0,2,45,9,3,2,7.0,1.0,2.0
0,1,22,5,6,0,7.0,1.0,1.0
0,1,65,9,3,4,5.0,1.0,1.0
1,1,37,9,6,1,7.0,1.0,1.0
1,1,20,9,6,0,5.0,1.0,1.0
0,1,23,5,6,0,5.0,1.0,1.0
0,1,28,9,2,0,8.0,1.0,1.0
1,1,49,9,3,2,7.0,1.0,1.0
1,2,21,9,2,0,7.0,1.0,2.0
0,1,63,9,5,1,4.0,1.0,1.0
0,2,20,9,6,0,5.0,1.0,2.0
0,1,63,9,6,0,6.0,1.0,1.0
1,1,20,1,6,0,3.0,1.0,1.0
0,1,46,9,5,4,4.0,1.0,1.0
1,2,55,9,5,3,5.0,1.0,2.0
0,1,61,9,5,5,3.0,1.0,1.0
0,1,20,9,6,0,7.0,1.0,1.0
1,1,18,9,6,0,4.0,1.0,1.0
0,1,53,5,2,4,1.0,1.0,1.0
0,1,30,9,6,0,7.0,4.0,1.0
1,1,24,9,6,0,6.0,1.0,1.0
0,1,34,9,3,1,6.0,1.0,1.0
0,2,52,9,5,2,3.0,1.0,2.0
0,2,25,1,1,4,4.0,1.0,2.0
1,1,32,9,5,2,5.0,1.0,1.0
0,2,28,9,1,1,4.0,1.0,2.0
0,1,36,9,6,0,6.0,1.0,1.0
0,2,33,9,5,2,5.0,1.0,2.0
1,1,27,9,6,0,4.0,1.0,1.0
0,1,63,9,6,1,3.0,1.0,1.0
0,1,41,9,3,2,7.0,1.0,1.0
1,2,29,9,6,0,7.0,1.0,2.0
0,1,35,9,2,3,6.0,1.0,1.0
0,1,26,9,1,0,7.0,1.0,1.0
0,1,20,9,6,0,6.0,1.0,1.0
0,2,28,9,1,1,6.0,1.0,2.0
0,1,42,9,6,2,8.0,1.0,1.0
0,1,49,9,2,3,4.0,1.0,1.0
1,2,20,9,6,0,7.0,1.0,2.0
1,2,28,9,2,2,6.0,1.0,2.0
1,1,19,5,6,0,5.0,1.0,1.0
0,2,50,9,2,1,3.0,1.0,2.0
0,1,45,9,2,4,6.0,1.0,1.0
0,1,27,9,2,0,7.0,1.0,1.0
0,1,43,9,1,3,5.0,1.0,1.0
1,1,29,9,2,3,2.0,1.0,1.0
0,1,38,5,5,0,6.0,1.0,1.0
0,2,36,5,2,2,6.0,1.0,2.0
1,2,33,9,3,2,6.0,1.0,2.0
0,1,54,9,4,2,5.0,1.0,1.0
0,1,24,5,2,0,6.0,1.0,1.0
0,1,27,5,6,0,7.0,1.0,1.0
1,1,41,5,3,1,7.0,1.0,1.0
0,2,24,9,1,1,5.0,1.0,2.0
1,1,24,9,6,0,7.0,1.0,1.0
0,1,64,9,3,9,5.0,1.0,1.0
1,2,22,9,6,3,5.0,1.0,2.0
0,2,25,5,6,0,7.0,1.0,2.0
0,1,54,9,5,0,6.0,1.0,1.0
0,1,59,9,5,1,7.0,1.0,1.0
0,2,51,9,3,1,3.0,1.0,2.0
0,2,33,9,5,3,3.0,1.0,2.0
1,2,21,9,5,1,5.0,1.0,2.0
1,2,32,9,2,1,7.0,1.0,2.0
1,1,31,9,2,0,7.0,1.0,1.0
1,1,36,5,6,0,5.0,1.0,1.0
1,2,40,9,6,0,8.0,1.0,2.0
1,1,55,9,5,3,3.0,1.0,1.0
1,1,19,9,6,0,5.0,1.0,1.0
0,2,46,9,5,1,8.0,1.0,2.0
1,2,22,9,1,0,6.0,1.0,2.0
1,1,23,9,2,1,5.0,1.0,1.0
1,1,25,9,6,0,7.0,2.0,1.0
1,2,44,9,2,0,3.0,1.0,2.0
1,1,48,9,6,0,5.0,1.0,1.0
1,2,22,9,1,1,6.0,1.0,2.0
0,2,39,9,2,2,4.0,1.0,2.0
1,1,48,9,5,3,7.0,1.0,1.0
1,2,23,9,6,2,5.0,1.0,2.0
0,1,41,9,5,0,7.0,1.0,1.0
0,2,22,1,6,2,3.0,1.0,2.0
0,1,42,9,3,2,6.0,1.0,1.0
1,1,24,9,6,0,7.0,1.0,1.0
0,1,26,5,2,1,5.0,1.0,1.0
0,1,30,1,3,1,3.0,1.0,1.0
1,1,40,5,6,0,3.0,1.0,1.0
0,1,32,9,2,2,5.0,1.0,1.0
1,1,18,5,5,1,4.0,1.0,1.0
1,1,22,9,2,1,5.0,1.0,1.0
1,1,21,5,6,0,6.0,1.0,1.0
1,1,26,9,6,0,5.0,1.0,1.0
1,1,23,9,6,0,4.0,1.0,1.0
1,1,23,1,6,1,5.0,1.0,1.0
0,2,22,9,6,0,7.0,1.0,2.0
1,1,31,9,6,0,8.0,1.0,1.0
0,2,21,9,1,1,5.0,1.0,2.0
1,1,63,9,3,3,3.0,1.0,1.0
0,2,58,9,6,1,3.0,1.0,2.0
0,2,22,9,6,0,7.0,1.0,2.0
0,1,41,9,3,2,5.0,1.0,1.0
1,1,26,9,6,2,6.0,1.0,1.0
0,2,29,1,2,2,7.0,1.0,2.0
1,1,26,9,6,0,6.0,1.0,1.0
1,2,18,5,6,1,5.0,1.0,2.0
0,2,44,9,1,2,3.0,1.0,2.0
1,1,37,9,2,1,6.0,1.0,1.0
1,1,31,9,3,0,5.0,1.0,1.0
0,2,44,1,3,3,6.0,1.0,2.0
1,1,45,9,6,0,5.0,1.0,1.0
0,1,33,9,2,1,3.0,1.0,1.0
1,1,40,9,3,3,5.0,1.0,1.0
0,1,65,9,3,2,5.0,1.0,1.0
0,1,36,9,6,0,8.0,1.0,1.0
0,2,63,9,5,0,8.0,1.0,2.0
0,1,51,9,6,2,4.0,1.0,1.0
0,2,59,9,4,4,4.0,1.0,2.0
1,2,21,9,6,0,7.0,1.0,2.0
1,2,25,9,6,0,6.0,1.0,2.0
1,1,35,9,5,3,3.0,1.0,1.0
1,1,54,9,5,3,5.0,1.0,1.0
1,2,35,5,6,1,5.0,1.0,2.0
1,1,25,9,6,1,4.0,1.0,1.0
0,1,37,9,2,2,4.0,1.0,1.0
0,1,26,9,2,1,5.0,1.0,1.0
1,1,31,9,2,1,5.0,1.0,1.0
1,1,37,9,4,1,4.0,1.0,1.0
0,1,63,9,6,3,3.0,1.0,1.0
1,1,34,9,5,0,6.0,1.0,1.0
1,1,31,9,2,0,7.0,2.0,1.0
1,2,25,9,6,1,6.0,1.0,2.0
0,1,39,9,6,0,7.0,1.0,1.0
1,2,22,1,3,1,6.0,1.0,2.0
0,1,48,9,2,3,8.0,1.0,1.0
1,2,28,5,6,0,8.0,1.0,2.0
0,1,33,9,3,3,5.0,1.0,1.0
1,1,36,9,2,1,5.0,1.0,1.0
1,1,21,9,6,0,5.0,1.0,1.0
0,1,38,9,6,0,6.0,1.0,1.0
1,2,31,9,3,2,5.0,1.0,2.0
0,1,59,5,3,2,6.0,1.0,1.0
1,2,54,9,5,3,3.0,1.0,2.0
0,1,32,9,2,9,5.0,1.0,1.0
1,1,18,9,6,0,7.0,1.0,1.0
1,2,25,9,2,0,7.0,1.0,2.0
1,2,24,5,2,2,5.0,1.0,2.0
1,1,24,9,6,0,5.0,1.0,1.0
0,2,56,9,5,3,4.0,1.0,2.0
0,2,47,9,3,2,6.0,1.0,2.0
1,1,24,5,6,0,5.0,1.0,1.0
1,2,28,9,6,0,5.0,1.0,3.0
1,1,24,9,6,0,4.0,1.0,1.0
0,1,64,9,5,2,3.0,1.0,1.0
0,1,28,9,2,1,5.0,1.0,1.0
1,1,36,9,6,2,6.0,1.0,1.0
0,2,20,9,2,0,5.0,1.0,2.0
0,2,25,9,6,1,4.0,1.0,2.0
0,1,65,9,3,2,5.0,1.0,1.0
0,1,22,9,6,0,7.0,1.0,1.0
0,1,28,9,6,1,4.0,1.0,1.0
1,2,24,9,5,1,4.0,1.0,2.0
0,2,22,9,6,0,7.0,1.0,2.0
0,2,26,9,2,0,6.0,1.0,2.0
0,1,31,9,2,1,4.0,1.0,1.0
0,1,45,9,6,1,3.0,1.0,1.0
0,1,57,9,5,0,7.0,1.0,1.0
1,1,50,9,5,0,3.0,1.0,1.0
0,1,39,9,2,1,6.0,1.0,1.0
0,1,22,1,6,0,6.0,1.0,1.0
0,1,64,5,2,2,1.0,1.0,1.0
0,2,64,9,4,4,3.0,1.0,2.0
0,2,52,9,5,2,7.0,1.0,2.0
1,1,23,9,2,1,6.0,1.0,1.0
1,1,20,9,6,0,6.0,3.0,1.0
0,1,25,9,6,1,6.0,1.0,1.0
1,1,37,9,3,0,6.0,1.0,1.0
0,2,40,5,2,1,6.0,1.0,2.0
0,2,25,9,6,1,5.0,1.0,2.0
1,1,21,9,6,0,5.0,1.0,1.0
1,1,29,9,6,0,7.0,1.0,1.0
1,2,28,9,6,0,7.0,1.0,2.0
1,1,23,5,2,1,5.0,1.0,1.0
0,1,41,9,3,2,5.0,1.0,1.0
1,1,21,5,1,0,5.0,1.0,1.0
0,1,20,9,1,1,5.0,1.0,1.0
1,1,36,9,2,3,3.0,1.0,1.0
1,1,29,9,6,0,5.0,1.0,1.0
0,2,60,9,5,2,5.0,1.0,2.0
0,1,32,9,6,1,5.0,1.0,1.0
0,2,57,9,5,2,4.0,1.0,2.0
0,1,54,9,6,0,4.0,1.0,1.0
0,2,47,9,5,0,7.0,1.0,2.0
1,1,37,5,2,1,7.0,1.0,1.0
1,2,28,9,2,1,5.0,1.0,2.0
1,2,29,9,3,2,5.0,1.0,2.0
1,1,24,9,6,0,6.0,1.0,1.0
0,1,26,9,6,0,6.0,1.0,1.0
1,1,29,9,2,3,5.0,1.0,1.0
1,2,60,9,5,3,3.0,1.0,2.0
1,2,23,9,2,1,6.0,1.0,2.0
1,1,22,9,6,0,7.0,1.0,1.0
0,2,44,9,6,1,6.0,1.0,2.0
1,1,20,9,6,0,5.0,1.0,1.0
0,1,37,9,2,0,5.0,2.0,1.0
1,1,26,5,2,0,6.0,1.0,1.0
1,1,33,9,6,0,6.0,1.0,1.0
0,1,65,9,3,7,3.0,1.0,1.0
0,1,36,5,1,4,5.0,1.0,1.0
1,1,20,9,6,0,5.0,1.0,1.0
1,1,28,9,6,0,4.0,1.0,1.0
1,1,24,9,6,0,5.0,1.0,1.0
0,1,22,9,6,0,6.0,1.0,1.0
1,2,51,9,2,2,5.0,1.0,2.0
0,1,43,9,3,1,7.0,1.0,1.0
0,2,20,9,6,1,5.0,1.0,2.0
0,1,22,9,6,0,7.0,1.0,1.0
1,2,18,9,6,0,5.0,3.0,2.0
0,1,48,9,2,1,5.0,1.0,1.0
0,2,18,9,6,0,7.0,1.0,2.0
0,1,30,9,6,0,6.0,1.0,1.0
1,2,41,9,6,3,5.0,1.0,2.0
0,1,37,9,5,1,4.0,1.0,1.0
0,2,33,9,2,2,5.0,1.0,2.0
1,2,29,9,2,0,5.0,1.0,2.0
0,2,52,9,6,1,5.0,1.0,2.0
1,1,33,9,6,0,7.0,1.0,1.0
0,1,57,9,2,3,4.0,1.0,1.0
0,1,33,9,6,0,7.0,1.0,1.0
1,1,55,5,5,3,3.0,1.0,1.0
0,2,27,9,2,1,5.0,1.0,2.0
0,1,40,9,3,2,8.0,1.0,1.0
0,2,36,9,3,2,5.0,1.0,2.0
1,1,59,9,5,1,6.0,1.0,1.0
0,1,56,9,5,3,6.0,1.0,1.0
1,1,40,9,6,1,3.0,1.0,1.0
0,2,31,9,6,0,5.0,1.0,2.0
1,1,28,9,6,1,7.0,1.0,1.0
0,2,32,9,3,0,8.0,1.0,2.0
1,2,18,9,6,0,7.0,2.0,2.0
1,2,23,9,6,0,7.0,1.0,2.0
0,1,31,9,6,0,8.0,1.0,1.0
1,2,31,9,3,1,8.0,1.0,2.0
1,2,30,9,2,1,3.0,1.0,2.0
0,1,65,9,6,0,7.0,1.0,1.0
0,1,49,5,5,2,5.0,1.0,1.0
0,1,32,9,6,0,6.0,1.0,1.0
1,1,21,9,6,0,7.0,1.0,1.0
0,1,28,9,6,0,7.0,1.0,1.0
1,2,46,9,2,2,7.0,1.0,2.0
0,1,27,9,2,1,4.0,1.0,1.0
0,1,47,9,6,0,6.0,2.0,1.0
1,1,34,5,6,0,1.0,1.0,1.0
0,2,27,9,2,2,5.0,1.0,2.0
1,2,24,9,6,0,6.0,1.0,2.0
1,1,23,9,6,0,7.0,1.0,1.0
1,1,28,5,2,1,4.0,1.0,1.0
1,2,28,9,6,2,3.0,1.0,2.0
0,2,33,9,5,2,5.0,1.0,2.0
1,2,24,9,6,0,5.0,1.0,2.0
1,2,21,5,6,0,4.0,1.0,2.0
1,1,20,1,6,0,4.0,1.0,1.0
1,1,36,9,2,3,5.0,1.0,1.0
1,1,33,9,1,1,5.0,1.0,1.0
1,1,30,9,6,0,3.0,1.0,1.0
0,1,61,9,2,1,5.0,1.0,1.0
0,2,22,9,6,2,5.0,1.0,2.0
0,1,23,9,6,0,7.0,1.0,1.0
1,1,18,9,6,0,7.0,1.0,1.0
0,1,23,1,6,0,5.0,1.0,1.0
0,2,25,5,3,0,6.0,1.0,2.0
1,1,37,9,5,2,6.0,1.0,1.0
0,1,19,9,6,0,5.0,2.0,1.0
0,1,28,9,2,1,5.0,1.0,1.0
1,1,19,9,6,0,4.0,1.0,1.0
0,1,20,9,4,1,5.0,1.0,1.0
1,1,27,9,1,3,5.0,1.0,1.0
0,2,27,9,6,1,8.0,1.0,2.0
0,1,24,9,6,0,7.0,1.0,1.0
0,1,29,9,1,2,5.0,1.0,1.0
0,1,64,9,5,1,5.0,1.0,1.0
1,2,24,9,6,0,7.0,1.0,2.0
0,1,32,9,2,1,5.0,1.0,1.0
0,1,42,9,2,2,4.0,1.0,1.0
0,1,40,9,5,4,5.0,1.0,1.0
1,2,30,9,6,0,7.0,1.0,2.0
0,1,31,9,6,0,5.0,1.0,1.0
0,1,28,1,5,2,4.0,1.0,1.0
0,1,54,1,3,3,8.0,1.0,1.0
0,2,37,1,5,8,5.0,1.0,2.0
0,2,33,5,2,6,4.0,1.0,2.0
0,1,62,9,2,1,4.0,1.0,1.0
0,1,44,9,3,1,7.0,1.0,1.0
0,1,43,9,2,1,7.0,1.0,1.0
0,1,36,1,2,0,6.0,1.0,2.0
1,1,27,9,6,0,7.0,1.0,1.0
0,2,44,5,2,1,5.0,1.0,2.0
0,1,27,1,3,1,5.0,1.0,1.0
0,1,34,9,2,2,6.0,1.0,1.0
0,1,40,1,3,3,3.0,1.0,1.0
0,1,65,9,2,5,4.0,1.0,1.0
1,1,61,9,5,4,3.0,1.0,1.0
0,1,44,9,3,3,3.0,1.0,1.0
0,2,28,9,6,0,7.0,1.0,1.0
1,1,19,9,2,1,4.0,1.0,1.0
0,1,58,9,3,3,7.0,1.0,1.0
0,1,27,9,2,0,7.0,1.0,1.0
0,1,57,1,6,0,4.0,1.0,1.0
1,1,57,1,2,6,4.0,1.0,1.0
1,1,54,9,5,3,6.0,1.0,1.0
0,2,37,9,2,1,8.0,1.0,2.0
1,1,33,9,3,2,6.0,1.0,1.0
0,2,25,9,2,0,5.0,1.0,2.0
1,2,21,9,6,1,5.0,1.0,2.0
1,1,22,9,6,0,6.0,1.0,1.0
1,2,41,9,6,0,8.0,1.0,2.0
0,1,26,1,6,0,6.0,1.0,1.0
0,1,59,5,2,4,5.0,1.0,1.0
0,1,58,9,3,3,3.0,1.0,1.0
1,1,30,9,2,0,3.0,1.0,1.0
1,1,32,9,3,1,5.0,1.0,1.0
0,1,28,9,2,1,5.0,1.0,1.0
1,1,31,9,6,1,6.0,1.0,1.0
0,1,21,9,6,0,7.0,1.0,1.0
1,2,24,9,6,0,6.0,1.0,2.0
1,1,20,9,6,0,5.0,1.0,1.0
0,1,25,9,2,1,5.0,1.0,1.0
0,1,18,9,6,0,5.0,1.0,1.0
0,2,20,9,1,1,5.0,1.0,2.0
1,2,26,5,2,3,4.0,1.0,2.0
1,1,39,9,3,1,7.0,1.0,1.0
0,2,33,9,2,2,5.0,1.0,1.0
0,1,20,9,6,0,7.0,1.0,1.0
0,2,37,1,6,3,7.0,1.0,2.0
1,1,25,9,6,1,7.0,1.0,1.0
1,1,24,1,6,0,7.0,1.0,1.0
0,2,31,9,5,3,6.0,1.0,2.0
1,1,18,9,6,0,4.0,1.0,1.0
0,1,38,9,3,0,8.0,1.0,1.0
0,1,41,9,6,0,5.0,1.0,1.0
0,2,63,9,2,2,5.0,1.0,2.0
1,2,40,9,3,5,5.0,1.0,2.0
1,1,27,9,6,0,5.0,1.0,1.0
1,1,20,9,6,0,7.0,1.0,1.0
0,1,45,9,3,3,6.0,1.0,1.0
0,1,40,9,3,2,7.0,1.0,1.0
0,1,44,9,2,3,3.0,1.0,1.0
1,1,23,1,2,0,4.0,1.0,1.0
0,1,51,9,3,0,6.0,1.0,1.0
0,2,26,9,5,0,7.0,1.0,2.0
0,2,55,9,5,4,3.0,1.0,2.0
1,1,27,9,6,0,5.0,1.0,1.0
0,1,21,9,1,0,7.0,1.0,1.0
0,2,34,9,3,1,7.0,1.0,2.0
1,1,34,9,6,0,5.0,1.0,1.0
1,1,25,9,6,1,4.0,1.0,1.0
1,1,24,9,6,0,5.0,1.0,1.0
0,1,35,9,5,1,3.0,1.0,1.0
1,2,32,9,6,2,5.0,1.0,2.0
0,1,35,1,2,0,7.0,1.0,1.0
0,1,63,9,3,0,3.0,1.0,1.0
0,2,43,9,5,1,8.0,1.0,2.0
1,2,42,9,6,3,6.0,1.0,2.0
1,2,24,9,6,0,7.0,1.0,2.0
1,1,35,9,6,0,7.0,3.0,1.0
0,1,50,9,6,1,4.0,1.0,1.0
1,1,36,9,3,1,7.0,1.0,1.0
1,1,21,9,6,0,7.0,1.0,1.0
1,1,33,9,3,1,6.0,1.0,1.0
0,1,31,9,2,2,7.0,1.0,1.0
0,1,40,9,6,1,6.0,1.0,1.0
0,1,33,9,6,0,7.0,1.0,1.0
0,2,41,5,6,0,7.0,1.0,2.0
0,2,51,9,6,3,3.0,1.0,2.0
1,1,35,9,6,0,7.0,3.0,3.0
0,1,48,5,2,1,5.0,1.0,1.0
1,1,30,9,2,0,7.0,1.0,1.0
0,1,39,9,1,0,7.0,1.0,1.0
1,2,23,9,6,0,7.0,1.0,2.0
1,1,29,9,1,0,7.0,1.0,1.0
0,1,33,9,2,0,7.0,1.0,1.0
1,1,20,9,6,0,7.0,1.0,1.0
1,2,29,9,2,4,5.0,1.0,2.0
1,1,29,9,5,1,7.0,1.0,1.0
0,1,25,9,6,0,7.0,1.0,1.0
0,1,65,9,3,3,7.0,1.0,1.0
0,1,20,9,6,0,5.0,1.0,1.0
0,1,28,1,6,0,6.0,1.0,1.0
0,1,48,9,6,3,5.0,1.0,1.0
1,1,27,9,6,0,4.0,1.0,1.0
0,1,52,9,5,2,4.0,1.0,1.0
1,1,26,9,6,0,7.0,1.0,1.0
0,2,56,9,3,3,7.0,1.0,2.0
1,1,26,9,6,0,3.0,1.0,1.0
1,1,18,9,6,0,6.0,1.0,1.0
0,2,32,9,2,4,3.0,1.0,2.0
0,1,21,5,6,0,5.0,1.0,1.0
0,1,38,9,2,1,7.0,1.0,1.0
0,1,18,9,6,0,6.0,1.0,1.0
0,2,30,9,6,1,7.0,1.0,2.0
0,2,25,9,2,3,5.0,1.0,2.0
0,2,33,9,6,2,6.0,1.0,2.0
1,1,19,9,6,0,5.0,1.0,1.0
0,1,36,5,6,3,7.0,1.0,1.0
0,1,53,9,6,3,1.0,1.0,1.0
0,1,55,9,6,0,3.0,1.0,1.0
1,1,29,9,2,2,4.0,1.0,1.0
1,2,25,9,6,0,7.0,1.0,2.0
0,1,28,9,5,1,5.0,1.0,1.0
1,1,24,1,2,2,5.0,1.0,1.0
1,1,26,9,2,3,4.0,1.0,1.0
0,1,65,9,5,4,7.0,1.0,1.0
0,1,24,9,6,1,5.0,1.0,1.0
0,1,46,9,5,7,4.0,1.0,1.0
1,1,30,9,6,0,8.0,1.0,1.0
0,1,38,9,5,3,5.0,1.0,1.0
0,1,29,1,6,1,6.0,1.0,1.0
0,1,18,1,6,0,5.0,1.0,1.0
0,1,50,9,2,2,3.0,1.0,1.0
0,1,27,9,6,0,7.0,1.0,1.0
1,1,27,9,6,0,6.0,1.0,1.0
1,1,29,9,6,0,5.0,1.0,1.0
0,1,61,9,2,2,4.0,1.0,1.0
0,1,24,9,1,0,4.0,1.0,1.0
0,2,26,1,1,0,4.0,1.0,2.0
1,1,19,9,3,1,4.0,1.0,1.0
1,1,28,9,2,1,6.0,1.0,1.0
1,1,25,9,6,0,7.0,1.0,1.0
0,2,33,9,6,0,6.0,1.0,2.0
0,1,20,9,6,0,7.0,1.0,1.0
0,1,48,9,3,2,3.0,1.0,1.0
1,1,36,9,5,2,8.0,1.0,1.0
1,1,32,9,6,0,7.0,1.0,1.0
1,1,35,9,6,0,7.0,1.0,1.0
0,1,26,9,2,1,4.0,1.0,1.0
0,1,34,9,1,0,5.0,1.0,1.0
0,1,59,9,2,2,3.0,1.0,1.0
0,1,27,9,1,0,7.0,1.0,1.0
0,1,26,9,2,1,4.0,1.0,1.0
1,1,29,9,2,1,6.0,1.0,1.0
0,1,42,9,2,4,6.0,1.0,1.0
0,2,26,9,1,0,7.0,1.0,2.0
0,2,30,9,6,2,6.0,1.0,2.0
0,1,51,9,6,0,5.0,1.0,1.0
0,2,36,9,1,2,5.0,1.0,2.0
1,1,30,9,1,0,6.0,1.0,1.0
0,2,39,5,2,2,6.0,1.0,2.0
0,2,52,9,4,2,3.0,1.0,2.0
1,1,28,9,6,0,6.0,1.0,1.0
0,2,26,1,6,3,4.0,1.0,2.0
0,1,19,9,6,0,6.0,1.0,1.0
1,1,22,9,6,0,5.0,1.0,1.0
1,1,24,9,6,0,6.0,1.0,1.0
1,1,20,9,6,0,5.0,1.0,1.0
1,1,32,9,2,1,5.0,1.0,1.0
1,1,42,9,6,0,7.0,1.0,1.0
0,1,19,1,6,0,6.0,1.0,1.0
1,1,64,9,6,1,5.0,1.0,1.0
1,2,52,9,6,2,4.0,1.0,1.0
0,1,28,5,6,0,7.0,1.0,1.0
0,1,63,9,6,2,3.0,1.0,1.0
0,1,64,9,3,2,4.0,1.0,1.0
0,1,35,9,2,1,7.0,1.0,1.0
0,1,44,9,6,0,6.0,1.0,1.0
1,1,25,9,1,0,5.0,1.0,1.0
0,1,43,9,1,5,6.0,1.0,1.0
1,1,23,9,6,0,5.0,1.0,1.0
0,2,24,9,6,0,7.0,1.0,2.0
1,1,24,9,6,0,6.0,1.0,1.0
1,1,38,9,2,2,6.0,1.0,1.0
1,2,20,9,6,0,5.0,1.0,2.0
0,2,36,9,6,0,6.0,1.0,2.0
0,1,57,9,1,4,8.0,1.0,1.0
0,1,22,9,6,0,6.0,1.0,1.0
1,2,27,5,5,2,6.0,1.0,2.0
1,2,23,9,3,0,7.0,1.0,2.0
0,1,62,9,5,5,5.0,1.0,1.0
0,2,24,1,6,1,4.0,1.0,2.0
0,1,22,9,6,0,5.0,1.0,1.0
1,1,32,9,5,0,5.0,1.0,1.0
1,2,32,9,6,0,7.0,1.0,2.0
0,1,32,9,2,1,5.0,1.0,1.0
0,2,36,9,3,0,8.0,1.0,2.0
1,1,30,9,6,0,6.0,1.0,1.0
0,1,43,9,6,0,8.0,1.0,1.0
0,1,25,5,1,1,5.0,1.0,1.0
0,2,42,9,5,1,6.0,1.0,2.0
0,1,26,9,6,0,5.0,1.0,1.0
0,2,21,9,6,0,6.0,1.0,2.0
1,1,28,9,6,0,6.0,1.0,1.0
0,1,56,9,6,0,3.0,1.0,1.0
1,1,24,9,6,0,5.0,1.0,1.0
0,1,33,9,2,2,6.0,1.0,1.0
1,2,26,9,6,0,8.0,1.0,2.0
1,1,22,9,6,0,5.0,1.0,1.0
1,1,22,9,6,0,5.0,1.0,1.0
0,2,27,9,5,2,5.0,1.0,2.0
0,1,51,9,5,2,8.0,1.0,1.0
0,1,30,9,2,2,8.0,1.0,1.0
0,1,33,9,6,0,7.0,1.0,1.0
0,2,43,9,6,2,6.0,1.0,2.0
0,1,31,9,6,1,5.0,1.0,1.0
0,2,54,9,5,5,5.0,1.0,2.0
0,1,28,9,2,2,5.0,1.0,1.0
0,1,27,9,6,0,5.0,1.0,1.0
0,1,27,9,6,1,7.0,1.0,1.0
0,2,36,9,2,3,4.0,1.0,2.0
0,2,59,9,3,0,6.0,1.0,2.0
1,2,23,1,6,0,7.0,1.0,2.0
1,2,37,9,6,0,8.0,1.0,2.0
0,1,38,9,3,1,8.0,1.0,1.0
1,2,24,9,6,0,8.0,1.0,2.0
0,1,39,9,6,4,5.0,1.0,1.0
1,1,32,9,4,0,6.0,2.0,1.0
1,1,46,9,5,2,7.0,1.0,1.0
0,1,48,9,6,0,7.0,1.0,1.0
0,1,21,9,1,0,5.0,1.0,1.0
0,2,32,5,6,4,5.0,1.0,2.0
0,2,26,9,3,0,5.0,1.0,2.0
1,2,20,9,6,0,6.0,1.0,2.0
0,2,61,9,5,3,5.0,1.0,2.0
0,2,54,9,5,1,6.0,1.0,2.0
0,1,24,9,6,0,6.0,1.0,1.0
0,1,60,9,5,1,3.0,1.0,1.0
0,1,30,9,2,1,5.0,1.0,1.0
0,2,23,9,1,1,5.0,1.0,2.0
1,1,25,5,2,1,3.0,1.0,1.0
1,1,50,5,3,5,7.0,1.0,1.0
0,1,21,9,6,0,7.0,1.0,1.0
1,1,60,9,3,4,8.0,1.0,1.0
0,2,55,9,5,2,6.0,1.0,2.0
0,1,48,9,1,4,3.0,1.0,1.0
1,1,19,9,2,0,4.0,1.0,1.0
1,2,21,9,6,0,5.0,1.0,2.0
1,1,54,9,5,1,5.0,1.0,1.0
0,2,26,9,6,2,5.0,1.0,2.0
0,2,36,9,6,0,6.0,1.0,2.0
1,1,37,9,1,1,7.0,1.0,1.0
0,2,44,9,6,2,7.0,1.0,2.0
1,1,30,9,2,1,5.0,1.0,1.0
1,2,32,9,2,1,6.0,1.0,2.0
0,2,57,9,6,4,5.0,1.0,2.0
1,1,29,5,6,1,6.0,1.0,1.0
1,1,29,9,1,0,5.0,1.0,1.0
1,2,28,9,2,0,7.0,1.0,2.0
0,2,61,9,4,1,8.0,1.0,2.0
1,1,40,9,6,2,7.0,1.0,1.0
1,2,24,9,3,1,5.0,1.0,2.0
0,1,45,9,2,2,5.0,1.0,1.0
0,1,58,9,6,2,6.0,1.0,1.0
1,1,35,9,2,1,4.0,1.0,1.0
0,1,25,9,6,0,5.0,1.0,1.0
0,2,23,5,2,1,6.0,1.0,2.0
0,1,21,9,1,1,6.0,1.0,1.0
0,2,27,9,5,2,5.0,1.0,2.0
0,1,60,9,6,1,3.0,1.0,1.0
0,1,57,1,3,2,4.0,1.0,1.0
1,1,18,9,6,0,4.0,1.0,1.0
0,1,46,9,2,3,4.0,1.0,1.0
0,1,19,9,6,0,7.0,2.0,1.0
0,1,19,5,6,0,5.0,1.0,1.0
1,1,25,2,6,0,7.0,1.0,1.0
0,1,35,9,6,0,4.0,1.0,1.0
0,2,61,5,4,3,5.0,1.0,2.0
0,1,25,9,6,0,5.0,1.0,1.0
1,1,26,9,6,2,6.0,1.0,1.0
0,2,20,9,6,0,5.0,1.0,2.0
0,2,27,9,6,0,5.0,1.0,2.0
0,1,63,9,3,2,5.0,1.0,1.0
1,2,23,9,6,0,6.0,1.0,2.0
1,1,44,9,4,1,3.0,1.0,1.0
0,1,32,9,6,1,6.0,1.0,1.0
0,2,20,5,6,0,6.0,1.0,2.0
1,1,21,9,6,0,7.0,3.0,1.0
1,1,29,9,6,0,5.0,1.0,1.0
0,1,24,9,5,1,5.0,1.0,1.0
1,2,30,9,3,0,7.0,1.0,2.0
0,2,30,9,2,1,5.0,1.0,2.0
0,1,61,9,3,3,7.0,1.0,1.0
0,2,31,9,6,1,5.0,1.0,2.0
0,1,52,9,2,1,6.0,1.0,1.0
0,1,28,9,5,2,5.0,1.0,1.0
1,1,29,9,6,1,5.0,1.0,1.0
0,1,31,9,2,3,5.0,1.0,1.0
1,1,20,9,6,0,4.0,1.0,1.0
0,2,31,9,6,0,8.0,1.0,2.0
0,1,59,9,6,0,6.0,1.0,1.0
1,1,42,9,5,1,7.0,1.0,1.0
0,1,60,9,1,9,5.0,1.0,1.0
1,1,42,9,3,1,4.0,1.0,1.0
0,2,24,9,6,2,5.0,1.0,2.0
1,1,50,9,5,6,4.0,1.0,1.0
0,1,33,1,6,0,8.0,1.0,1.0
0,1,40,9,6,0,3.0,1.0,1.0
1,2,26,9,6,0,5.0,1.0,2.0
1,1,25,9,2,1,5.0,1.0,1.0
0,1,53,9,3,4,8.0,1.0,1.0
0,1,59,9,6,1,6.0,1.0,1.0
0,1,34,9,6,0,3.0,1.0,1.0
0,1,49,9,3,2,8.0,1.0,1.0
0,1,32,9,6,0,6.0,1.0,1.0
0,1,58,5,5,3,3.0,1.0,1.0
0,1,36,1,6,0,5.0,1.0,1.0
0,1,29,1,2,3,4.0,1.0,1.0
0,1,33,9,3,2,4.0,1.0,1.0
0,1,52,9,2,1,6.0,1.0,1.0
0,1,18,9,6,0,5.0,1.0,1.0
1,1,18,1,6,0,4.0,1.0,1.0
0,1,20,9,1,1,5.0,1.0,1.0
1,2,36,9,5,1,7.0,1.0,2.0
0,1,54,1,2,7,3.0,1.0,1.0
1,1,27,9,6,2,5.0,1.0,1.0
0,1,30,9,6,0,5.0,1.0,1.0
1,2,18,9,6,0,5.0,1.0,2.0
1,2,35,1,5,6,3.0,1.0,2.0
1,1,27,9,3,0,7.0,1.0,1.0
0,1,62,9,3,3,6.0,1.0,1.0
0,2,20,9,6,0,5.0,3.0,2.0
1,2,25,9,6,1,5.0,1.0,2.0
1,1,58,5,6,1,3.0,1.0,1.0
0,1,50,9,2,5,6.0,1.0,1.0
1,1,27,9,6,0,7.0,1.0,1.0
1,2,26,9,6,0,7.0,1.0,2.0
0,1,40,9,2,1,6.0,1.0,1.0
1,1,58,9,5,2,5.0,1.0,1.0
1,1,25,1,5,2,5.0,1.0,1.0
0,1,30,9,6,2,7.0,1.0,1.0
0,2,33,9,6,1,5.0,1.0,2.0
0,2,58,9,2,1,8.0,1.0,2.0
1,1,25,9,2,2,5.0,1.0,1.0
0,2,64,9,3,4,3.0,1.0,2.0
1,1,21,5,6,0,6.0,1.0,1.0
0,2,49,9,6,0,4.0,1.0,2.0
1,1,26,9,1,0,5.0,1.0,1.0
0,2,59,9,5,1,7.0,1.0,2.0
0,2,35,9,3,1,5.0,1.0,2.0
0,1,63,9,3,3,3.0,1.0,1.0
0,1,60,9,5,3,3.0,1.0,1.0
1,1,24,9,1,0,7.0,1.0,1.0
1,1,22,9,6,0,5.0,2.0,1.0
1,1,18,9,6,0,5.0,1.0,1.0
1,2,32,9,2,0,6.0,1.0,2.0
1,1,43,9,3,1,6.0,1.0,1.0
0,1,64,1,3,3,5.0,1.0,1.0
0,1,42,9,2,2,6.0,1.0,1.0
0,2,41,9,5,2,7.0,1.0,1.0
1,2,24,5,2,0,7.0,1.0,2.0
0,1,29,9,6,0,3.0,1.0,1.0
0,1,38,9,6,0,6.0,1.0,1.0
1,1,25,5,6,0,4.0,1.0,1.0
0,1,41,9,6,5,5.0,1.0,1.0
1,1,19,9,6,0,5.0,1.0,1.0
1,2,36,9,4,1,7.0,1.0,2.0
1,1,22,9,2,1,4.0,1.0,1.0
1,1,30,9,6,0,7.0,1.0,1.0
1,1,25,9,6,0,7.0,1.0,1.0
0,1,52,9,5,3,3.0,1.0,1.0
1,2,23,9,6,0,4.0,3.0,2.0
1,2,42,9,2,1,3.0,1.0,2.0
0,1,63,9,3,4,7.0,1.0,1.0
1,1,23,9,6,0,5.0,1.0,1.0
0,2,23,5,6,1,4.0,1.0,2.0
1,1,23,9,6,0,7.0,1.0,1.0
1,2,21,9,2,2,4.0,1.0,2.0
1,2,50,9,6,1,5.0,1.0,2.0
0,2,40,9,6,1,5.0,1.0,2.0
0,2,29,9,6,0,7.0,1.0,2.0
1,1,27,9,2,4,5.0,1.0,1.0
0,2,60,9,4,5,5.0,1.0,2.0
0,1,51,9,5,3,2.0,1.0,1.0
1,1,30,9,3,2,5.0,1.0,1.0
0,2,38,9,5,1,8.0,1.0,2.0
1,1,26,9,6,0,7.0,1.0,1.0
1,1,58,9,3,4,4.0,1.0,1.0
0,1,33,9,2,2,5.0,1.0,1.0
0,1,49,5,2,2,5.0,1.0,1.0
1,2,19,9,6,0,6.0,1.0,2.0
1,2,21,5,1,1,5.0,1.0,2.0
1,1,38,9,3,1,6.0,1.0,1.0
0,1,21,9,6,0,5.0,1.0,1.0
0,2,28,9,2,2,3.0,1.0,2.0
0,2,26,9,6,1,7.0,1.0,2.0
1,2,19,9,6,0,5.0,2.0,2.0
0,2,49,9,6,2,7.0,1.0,2.0
1,2,22,9,1,0,7.0,1.0,2.0
0,2,64,9,2,2,5.0,1.0,2.0
1,1,35,9,6,0,7.0,1.0,1.0
0,1,19,9,6,0,5.0,1.0,1.0
1,1,28,3,6,0,7.0,1.0,1.0
0,2,22,9,3,2,5.0,1.0,2.0
0,1,28,9,6,0,7.0,1.0,1.0
0,2,25,5,6,2,7.0,1.0,2.0
0,1,29,9,2,1,6.0,1.0,1.0
0,2,44,9,6,0,7.0,1.0,2.0
1,1,23,9,6,0,7.0,1.0,1.0
1,1,63,9,3,3,4.0,1.0,1.0
1,1,63,9,3,1,5.0,1.0,1.0
0,1,18,9,6,0,7.0,1.0,1.0
0,1,37,9,3,2,6.0,1.0,1.0
1,1,24,9,6,0,7.0,1.0,1.0
0,1,34,1,2,2,8.0,1.0,1.0
1,1,27,9,6,0,7.0,1.0,1.0
0,1,22,1,6,0,5.0,1.0,2.0
1,1,19,9,6,0,4.0,1.0,1.0
1,1,25,9,6,0,4.0,1.0,1.0
0,1,44,1,6,0,5.0,1.0,1.0
0,2,30,9,5,2,3.0,1.0,2.0
1,2,25,9,6,0,6.0,1.0,2.0
0,1,28,9,2,0,4.0,1.0,1.0
0,1,36,9,6,0,5.0,1.0,1.0
0,1,30,9,2,0,4.0,1.0,1.0
0,1,63,9,6,0,4.0,1.0,1.0
1,2,23,9,6,0,4.0,1.0,2.0
0,1,40,5,2,5,4.0,1.0,1.0
1,2,56,9,2,1,5.0,1.0,2.0
0,1,39,5,2,5,3.0,1.0,1.0
0,1,49,9,5,2,6.0,1.0,1.0
0,2,20,9,4,0,5.0,1.0,2.0
0,1,19,9,6,0,7.0,1.0,1.0
0,2,19,9,6,0,5.0,1.0,2.0
0,1,60,9,2,3,4.0,1.0,1.0
0,1,21,9,6,0,5.0,1.0,1.0
1,1,22,9,2,1,5.0,1.0,1.0
0,1,63,9,2,2,6.0,1.0,1.0
1,1,23,9,6,0,5.0,1.0,1.0
1,2,20,9,6,0,7.0,3.0,2.0
1,1,47,9,5,3,4.0,1.0,1.0
0,1,24,9,6,0,7.0,3.0,1.0
0,1,65,9,2,3,7.0,1.0,1.0
0,1,65,9,3,2,3.0,1.0,1.0
1,2,20,9,6,2,3.0,1.0,2.0
1,1,29,9,6,0,7.0,2.0,1.0
0,1,48,9,6,1,3.0,1.0,1.0
0,1,33,9,6,0,8.0,1.0,1.0
0,1,39,9,5,0,6.0,1.0,1.0
0,1,24,5,6,0,7.0,1.0,1.0
1,1,24,9,6,0,6.0,1.0,1.0
0,1,28,9,2,1,5.0,1.0,1.0
1,2,26,1,6,1,6.0,1.0,2.0
0,2,28,9,6,0,7.0,1.0,2.0
0,2,40,9,5,1,6.0,1.0,2.0
0,2,23,9,6,0,6.0,1.0,2.0
0,1,22,9,6,0,5.0,1.0,1.0
1,1,47,9,6,0,2.0,3.0,1.0
0,1,41,9,5,2,4.0,1.0,1.0
0,2,19,9,6,0,7.0,1.0,2.0
0,1,34,9,2,1,6.0,1.0,1.0
0,2,38,9,6,1,6.0,1.0,2.0
1,1,42,9,5,1,5.0,1.0,1.0
1,2,23,9,2,1,5.0,1.0,2.0
1,1,20,9,6,0,5.0,1.0,1.0
0,1,56,1,3,2,4.0,1.0,1.0
0,2,30,9,3,2,6.0,1.0,2.0
0,1,26,9,2,2,4.0,1.0,1.0
0,1,32,1,6,0,4.0,1.0,1.0
0,1,60,9,3,2,5.0,1.0,1.0
0,1,23,5,1,1,3.0,1.0,1.0
0,1,36,9,6,0,7.0,2.0,1.0
1,2,29,9,5,2,5.0,3.0,2.0
0,2,44,9,3,3,6.0,1.0,2.0
0,1,47,9,6,1,3.0,1.0,1.0
0,1,29,9,2,0,6.0,1.0,1.0
0,1,18,9,6,0,5.0,1.0,1.0
1,1,29,9,6,0,5.0,1.0,1.0
0,1,31,9,3,2,7.0,1.0,1.0
0,2,51,9,5,3,3.0,1.0,2.0
1,1,21,9,6,0,5.0,1.0,1.0
1,1,27,9,6,0,6.0,1.0,1.0
0,1,20,9,6,0,7.0,1.0,1.0
0,1,29,9,6,0,5.0,1.0,1.0
0,1,60,9,6,0,6.0,2.0,1.0
1,1,30,9,6,0,6.0,1.0,1.0
0,1,33,9,6,2,6.0,1.0,1.0
0,1,29,9,6,0,7.0,1.0,1.0
0,2,29,9,6,0,6.0,1.0,2.0
1,1,46,9,6,0,4.0,1.0,1.0
0,1,65,9,3,4,1.0,1.0,1.0
1,1,24,9,6,0,7.0,1.0,1.0
0,1,27,9,3,1,4.0,1.0,1.0
1,2,21,1,6,0,7.0,1.0,2.0
0,1,34,9,6,0,6.0,1.0,1.0
1,2,23,5,2,3,5.0,1.0,2.0
0,1,25,9,6,0,5.0,1.0,1.0
0,1,54,9,3,1,6.0,1.0,1.0
0,1,34,9,2,5,4.0,1.0,1.0
1,2,42,9,5,2,5.0,1.0,2.0
0,1,51,9,2,3,4.0,1.0,1.0
0,1,27,9,1,3,7.0,2.0,1.0
0,1,65,9,3,2,5.0,1.0,1.0
1,2,30,9,6,0,7.0,1.0,2.0
1,1,39,9,6,3,4.0,1.0,1.0
1,1,34,9,2,0,7.0,1.0,1.0
0,1,51,9,3,0,5.0,1.0,1.0
1,1,24,9,6,0,7.0,1.0,1.0
0,1,58,5,3,1,4.0,1.0,1.0
1,2,31,9,3,1,7.0,1.0,2.0
1,1,25,1,2,1,7.0,1.0,1.0
1,1,43,9,5,3,6.0,1.0,1.0
1,1,22,9,6,0,7.0,1.0,1.0
0,1,27,9,5,0,6.0,1.0,1.0
0,1,23,9,6,0,7.0,3.0,1.0
0,1,54,9,4,2,3.0,1.0,1.0
1,1,24,9,6,0,6.0,1.0,1.0
0,1,65,9,2,4,5.0,1.0,1.0
1,1,26,9,6,0,5.0,2.0,1.0
0,1,20,9,6,0,5.0,1.0,1.0
1,1,22,9,1,0,6.0,1.0,1.0
1,1,25,9,6,1,5.0,1.0,1.0
0,1,55,9,3,3,8.0,1.0,1.0
0,2,31,9,6,2,5.0,1.0,2.0
1,1,49,5,6,0,6.0,1.0,1.0
0,1,28,9,6,1,6.0,1.0,1.0
1,1,20,5,6,1,5.0,1.0,1.0
1,1,34,9,3,2,5.0,1.0,1.0
1,2,22,1,6,0,7.0,1.0,2.0
1,1,38,9,5,1,7.0,1.0,1.0
0,2,65,9,4,4,3.0,1.0,2.0
1,2,22,9,1,3,5.0,1.0,2.0
1,2,21,9,6,0,7.0,1.0,2.0
1,1,19,9,6,0,7.0,1.0,1.0
0,2,46,9,6,1,8.0,1.0,2.0
0,1,43,9,3,3,3.0,1.0,1.0
0,1,64,9,3,4,3.0,1.0,1.0
0,1,65,9,3,3,7.0,1.0,1.0
0,1,44,9,6,3,3.0,1.0,1.0
0,1,26,9,2,2,5.0,1.0,1.0
1,1,37,9,3,2,5.0,1.0,1.0
0,1,18,9,1,0,3.0,1.0,1.0
0,2,24,9,3,0,7.0,1.0,2.0
0,1,35,1,6,2,5.0,1.0,1.0
0,2,25,9,6,6,7.0,1.0,2.0
1,2,32,9,2,6,3.0,1.0,2.0
1,1,46,9,6,0,4.0,1.0,1.0
1,1,35,9,6,0,6.0,1.0,1.0
0,2,60,9,5,4,5.0,1.0,2.0
0,1,43,9,2,8,3.0,1.0,1.0
1,1,24,9,1,0,5.0,1.0,1.0
1,1,26,9,6,2,6.0,1.0,1.0
0,1,23,9,2,0,5.0,1.0,1.0
0,1,41,9,3,3,7.0,1.0,1.0
0,2,32,9,3,1,8.0,1.0,2.0
0,1,39,1,2,2,5.0,1.0,1.0
1,2,28,9,6,0,5.0,1.0,2.0
1,2,22,9,2,0,5.0,1.0,2.0
0,1,29,9,6,0,6.0,1.0,1.0
0,2,57,9,6,1,5.0,1.0,2.0
0,1,35,9,6,0,5.0,1.0,1.0
1,2,18,5,5,0,4.0,1.0,2.0
0,1,31,9,6,0,7.0,1.0,1.0
0,2,28,9,6,0,7.0,1.0,2.0
0,2,24,9,6,0,8.0,1.0,2.0
1,1,31,5,2,0,4.0,1.0,1.0
1,1,22,9,6,0,5.0,1.0,1.0
0,1,33,1,2,0,8.0,1.0,1.0
0,2,42,9,3,2,7.0,1.0,2.0
0,2,20,9,2,1,5.0,1.0,2.0
0,2,36,9,6,0,7.0,1.0,2.0
0,2,27,9,1,0,8.0,1.0,2.0
1,1,23,9,6,0,5.0,3.0,1.0
0,1,51,9,3,4,4.0,1.0,1.0
0,1,40,9,3,2,7.0,1.0,1.0
0,2,23,9,6,0,5.0,1.0,2.0
1,1,30,9,2,2,6.0,1.0,1.0
0,1,29,9,6,1,6.0,1.0,1.0
1,1,19,1,2,2,4.0,1.0,1.0
1,1,43,9,6,1,5.0,1.0,1.0
1,2,30,9,1,1,3.0,1.0,2.0
1,1,54,9,6,2,4.0,1.0,2.0
1,2,28,9,6,0,7.0,1.0,2.0
1,1,25,9,6,0,5.0,1.0,1.0
1,1,20,2,6,0,5.0,1.0,1.0
0,1,52,9,3,0,7.0,1.0,1.0
1,2,35,9,6,1,7.0,1.0,2.0
1,1,25,9,6,1,4.0,1.0,1.0
1,1,34,9,2,2,4.0,1.0,1.0
1,1,27,1,6,0,5.0,1.0,1.0
0,1,61,5,5,5,3.0,1.0,1.0
1,1,21,9,2,2,3.0,1.0,1.0
0,2,42,9,3,1,8.0,1.0,2.0
1,1,37,9,6,2,6.0,1.0,1.0
1,1,34,9,2,0,7.0,1.0,1.0
1,1,26,9,6,0,7.0,1.0,1.0
1,1,21,9,6,0,7.0,1.0,1.0
1,2,26,9,6,0,6.0,1.0,2.0
0,1,39,9,3,2,4.0,1.0,1.0
1,1,21,1,6,0,5.0,1.0,1.0
0,1,54,9,3,0,7.0,1.0,1.0
0,2,20,9,6,0,7.0,1.0,2.0
0,2,22,9,6,0,5.0,1.0,2.0
1,2,28,9,6,0,6.0,1.0,2.0
0,1,63,9,3,1,6.0,1.0,1.0
0,1,22,9,6,0,5.0,1.0,1.0
1,2,43,9,2,2,7.0,1.0,2.0
1,2,22,9,1,1,5.0,1.0,2.0
0,1,40,5,5,4,3.0,1.0,1.0
1,1,22,9,1,0,5.0,1.0,1.0
0,1,27,9,6,1,7.0,1.0,1.0
1,1,25,9,6,0,7.0,1.0,1.0
0,2,21,9,6,0,5.0,1.0,2.0
1,1,39,9,3,2,5.0,1.0,1.0
1,1,57,9,5,1,4.0,1.0,1.0
0,1,27,9,2,2,5.0,1.0,1.0
0,1,25,1,6,0,6.0,1.0,1.0
0,1,30,9,3,2,5.0,1.0,1.0
0,1,26,9,6,0,5.0,1.0,1.0
1,1,27,9,6,0,5.0,1.0,1.0
1,1,18,9,6,0,5.0,1.0,1.0
0,1,35,9,2,2,5.0,1.0,1.0
0,1,51,9,6,0,6.0,1.0,1.0
0,2,36,9,6,1,8.0,1.0,2.0
1,1,22,9,6,0,7.0,1.0,1.0
1,1,18,9,6,0,4.0,1.0,1.0
0,2,20,9,2,0,7.0,1.0,2.0
1,1,19,9,5,0,4.0,1.0,1.0
1,1,37,9,1,1,6.0,1.0,1.0
0,1,30,9,6,0,7.0,1.0,1.0
1,1,27,9,6,0,7.0,1.0,1.0
0,1,60,9,2,3,5.0,1.0,1.0
0,1,46,9,4,3,5.0,1.0,1.0
0,1,26,1,6,0,5.0,1.0,1.0
0,1,43,9,2,0,5.0,1.0,1.0
1,1,64,9,3,2,8.0,1.0,1.0
0,2,23,9,6,0,7.0,1.0,2.0
1,1,28,1,6,0,5.0,1.0,1.0
0,1,52,9,3,4,7.0,1.0,1.0
0,1,21,9,6,0,6.0,1.0,1.0
0,1,20,9,6,0,4.0,1.0,1.0
0,2,24,9,2,0,7.0,1.0,2.0
0,1,52,9,5,2,5.0,1.0,1.0
0,1,63,9,4,2,5.0,1.0,1.0
0,1,35,9,1,0,7.0,1.0,1.0
0,1,51,9,3,1,7.0,1.0,1.0
1,1,48,9,6,0,6.0,2.0,1.0
0,2,28,9,6,1,6.0,1.0,2.0
0,2,46,9,3,3,7.0,1.0,2.0
0,2,25,9,5,1,7.0,1.0,2.0
0,1,48,9,6,3,5.0,1.0,1.0
0,1,57,9,5,0,5.0,1.0,1.0
0,1,37,9,1,3,4.0,1.0,1.0
0,2,32,9,3,0,6.0,1.0,2.0
0,2,43,9,6,2,4.0,1.0,2.0
0,1,35,9,2,2,5.0,1.0,1.0
0,2,25,9,6,0,5.0,1.0,2.0
0,2,21,9,2,1,6.0,1.0,2.0
1,1,29,1,2,1,4.0,1.0,1.0
1,2,53,9,4,4,4.0,1.0,2.0
0,2,21,9,6,2,4.0,1.0,2.0
0,1,20,9,2,0,4.0,1.0,1.0
0,2,61,9,2,3,4.0,1.0,2.0
1,1,18,9,6,0,5.0,1.0,1.0
1,2,45,9,2,2,5.0,1.0,2.0
0,1,40,1,2,3,3.0,1.0,1.0
1,2,31,9,5,2,6.0,1.0,2.0
0,2,61,9,6,2,3.0,1.0,2.0
1,1,20,9,6,0,7.0,1.0,1.0
1,1,28,9,2,1,7.0,1.0,1.0
1,1,32,9,2,1,6.0,1.0,1.0
1,1,19,9,6,0,3.0,1.0,1.0
1,2,20,9,6,0,7.0,1.0,2.0
0,2,53,9,3,1,7.0,1.0,2.0
0,2,48,9,1,3,1.0,1.0,2.0
1,1,26,9,6,0,5.0,1.0,1.0
1,1,44,9,5,2,6.0,1.0,1.0
1,2,28,9,6,3,5.0,1.0,2.0
0,1,32,1,3,1,5.0,1.0,1.0
0,1,27,9,1,0,6.0,1.0,1.0
0,1,36,5,2,2,5.0,1.0,1.0
0,2,43,9,6,2,5.0,1.0,2.0
0,1,40,9,2,1,7.0,1.0,1.0
1,2,26,9,2,2,5.0,1.0,2.0
1,2,42,9,2,2,5.0,1.0,2.0
0,2,30,9,5,3,4.0,1.0,2.0
1,1,57,9,3,1,5.0,1.0,1.0
1,2,32,9,2,1,8.0,1.0,2.0
1,1,48,1,2,5,1.0,1.0,1.0
0,2,48,9,2,5,4.0,1.0,2.0
0,1,54,9,3,2,7.0,1.0,1.0
1,2,25,9,5,2,3.0,1.0,2.0
1,1,39,9,2,2,6.0,1.0,1.0
0,1,39,9,2,1,8.0,1.0,1.0
0,1,44,9,6,0,5.0,1.0,1.0
1,1,32,9,6,0,6.0,1.0,1.0
1,1,42,9,6,0,4.0,1.0,1.0
1,1,22,9,2,1,5.0,1.0,1.0
0,2,21,9,6,0,7.0,3.0,2.0
1,1,22,9,6,0,7.0,1.0,1.0
1,2,28,5,2,1,7.0,1.0,2.0
0,2,37,9,5,0,7.0,3.0,2.0
1,2,33,9,1,2,5.0,1.0,2.0
0,1,29,9,4,3,6.0,1.0,1.0
1,1,30,9,2,1,5.0,1.0,1.0
1,2,33,9,6,3,5.0,1.0,2.0
1,2,30,9,2,0,6.0,1.0,2.0
1,2,30,9,6,0,5.0,2.0,2.0
0,1,35,9,3,2,7.0,1.0,1.0
1,2,31,9,6,0,7.0,1.0,2.0
0,2,37,9,5,3,7.0,1.0,2.0
0,1,59,9,6,0,3.0,1.0,1.0
0,2,29,9,6,2,3.0,1.0,2.0
1,1,21,9,6,1,5.0,1.0,1.0
0,1,36,9,5,2,6.0,1.0,1.0
1,2,20,9,6,1,5.0,1.0,2.0
0,2,52,5,3,4,3.0,1.0,2.0
1,2,19,9,6,0,6.0,1.0,2.0
0,1,59,9,2,3,2.0,1.0,1.0
1,1,30,9,2,1,6.0,1.0,1.0
1,2,28,9,2,1,6.0,1.0,2.0
0,1,38,9,2,3,6.0,1.0,1.0
0,2,43,9,6,0,8.0,1.0,2.0
1,1,28,9,6,0,6.0,1.0,1.0
0,1,44,9,3,2,6.0,1.0,1.0
0,2,38,9,2,2,5.0,1.0,2.0
0,2,36,9,6,3,4.0,1.0,2.0
1,2,19,9,6,0,6.0,1.0,2.0
0,1,33,9,2,1,4.0,1.0,1.0
0,1,32,9,1,3,5.0,1.0,1.0
1,1,40,1,5,3,4.0,1.0,1.0
0,1,53,9,2,0,1.0,1.0,1.0
1,1,19,9,6,0,5.0,1.0,1.0
0,1,35,9,6,0,6.0,1.0,1.0
0,1,27,9,6,0,5.0,1.0,1.0
1,1,24,9,3,0,7.0,1.0,1.0
1,1,22,9,6,0,4.0,1.0,1.0
0,1,49,9,6,2,6.0,1.0,1.0
1,1,49,5,5,0,6.0,2.0,1.0
0,1,45,9,6,1,4.0,1.0,1.0
0,2,27,9,2,0,6.0,2.0,2.0
1,1,21,9,6,0,4.0,1.0,1.0
1,1,19,9,6,0,5.0,1.0,1.0
1,1,25,9,1,0,7.0,1.0,1.0
0,1,31,9,1,1,8.0,1.0,1.0
1,1,19,9,6,0,7.0,1.0,1.0
0,1,63,1,5,7,1.0,1.0,1.0
0,1,38,9,6,0,8.0,1.0,1.0
1,1,25,9,2,1,5.0,1.0,1.0
1,1,18,9,6,0,7.0,1.0,1.0
1,1,30,9,2,1,5.0,1.0,1.0
1,1,22,9,5,1,5.0,1.0,1.0
1,2,20,9,6,0,5.0,1.0,2.0
1,1,43,9,3,2,3.0,1.0,2.0
1,1,28,9,2,0,6.0,1.0,1.0
0,1,55,9,1,0,7.0,1.0,1.0
1,2,52,9,2,0,8.0,1.0,2.0
1,1,53,9,3,2,8.0,1.0,1.0
1,1,25,9,6,0,7.0,1.0,1.0
1,1,25,9,6,0,7.0,1.0,1.0
1,2,25,9,1,2,4.0,1.0,2.0
0,1,20,5,5,0,6.0,1.0,1.0
1,1,40,9,1,1,6.0,1.0,1.0
1,1,28,9,1,0,7.0,1.0,1.0
1,1,30,9,5,0,5.0,1.0,1.0
0,1,35,9,6,0,3.0,1.0,1.0
0,1,27,1,1,0,6.0,1.0,1.0
0,1,27,9,6,1,5.0,1.0,1.0
1,1,18,9,6,0,5.0,1.0,1.0
0,2,54,9,3,1,5.0,1.0,2.0
0,1,24,9,6,0,7.0,1.0,1.0
1,1,20,1,3,0,4.0,1.0,1.0
1,1,23,9,6,0,7.0,1.0,1.0
0,2,41,9,5,1,7.0,1.0,2.0
1,1,22,9,6,0,4.0,1.0,1.0
0,2,60,9,4,2,4.0,1.0,2.0
0,2,19,5,6,0,5.0,1.0,2.0
1,2,27,9,6,0,8.0,1.0,2.0
0,2,62,9,2,2,3.0,1.0,2.0
0,1,23,9,6,0,7.0,1.0,1.0
1,1,65,9,5,0,4.0,1.0,1.0
0,2,25,9,6,1,6.0,1.0,2.0
1,1,32,9,1,1,5.0,1.0,1.0
1,1,21,9,6,0,6.0,1.0,1.0
0,1,40,9,6,1,4.0,1.0,1.0
1,2,19,9,2,1,6.0,1.0,2.0
0,1,29,9,2,1,5.0,1.0,1.0
0,1,19,9,6,0,6.0,1.0,1.0
0,1,51,9,3,1,6.0,1.0,1.0
0,1,41,1,2,5,4.0,1.0,1.0
0,2,21,9,6,0,6.0,1.0,2.0
1,1,28,5,5,0,3.0,1.0,1.0
1,1,26,9,6,0,6.0,1.0,1.0
0,1,37,9,2,1,8.0,1.0,1.0
1,1,24,9,6,1,5.0,1.0,1.0
0,1,65,9,2,1,4.0,1.0,1.0
0,1,41,9,6,0,6.0,1.0,1.0
1,1,34,9,6,1,5.0,1.0,1.0
0,2,19,9,2,0,5.0,1.0,2.0
0,1,55,9,6,1,8.0,1.0,1.0
0,1,52,9,2,1,4.0,1.0,1.0
0,2,20,1,2,1,5.0,1.0,2.0
0,2,22,9,2,0,4.0,1.0,2.0
1,2,19,9,1,0,4.0,1.0,2.0
0,2,45,9,5,2,7.0,1.0,2.0
1,2,40,9,2,1,6.0,1.0,2.0
0,1,44,5,3,1,7.0,1.0,1.0
0,2,28,9,6,0,5.0,1.0,2.0
1,1,20,9,6,0,4.0,1.0,1.0
1,1,28,5,5,0,4.0,1.0,1.0
1,1,31,9,2,1,8.0,1.0,1.0
1,2,23,9,6,0,7.0,1.0,2.0
1,1,19,9,6,0,5.0,1.0,1.0
0,2,22,9,2,1,5.0,1.0,2.0
0,2,34,1,5,2,5.0,3.0,3.0
1,1,29,9,6,0,7.0,1.0,1.0
1,1,36,5,2,3,5.0,1.0,1.0
0,1,44,9,2,2,6.0,1.0,1.0
0,2,19,9,6,0,5.0,1.0,2.0
0,1,25,9,6,0,7.0,1.0,1.0
0,1,24,9,2,1,5.0,1.0,1.0
1,1,36,9,6,1,7.0,1.0,1.0
1,1,34,9,2,0,7.0,1.0,1.0
0,2,39,9,6,4,3.0,1.0,2.0
0,2,44,9,2,3,3.0,1.0,2.0
1,1,63,9,6,0,7.0,1.0,1.0
1,2,43,9,6,1,5.0,1.0,2.0
0,1,24,9,6,0,7.0,1.0,1.0
0,2,24,9,1,1,6.0,1.0,2.0
0,1,22,1,6,0,6.0,1.0,1.0
1,1,27,9,6,0,6.0,1.0,1.0
0,1,20,9,6,0,7.0,1.0,1.0
1,1,21,9,6,0,5.0,1.0,1.0
1,1,37,9,6,0,5.0,1.0,1.0
0,2,20,9,6,0,5.0,3.0,2.0
1,1,42,9,2,2,7.0,1.0,1.0
0,1,42,9,6,0,3.0,2.0,3.0
1,1,35,9,1,0,7.0,1.0,1.0
0,1,30,9,3,0,8.0,1.0,1.0
0,1,39,9,6,0,4.0,1.0,1.0
0,1,28,9,6,4,4.0,1.0,1.0
1,1,23,9,6,0,5.0,1.0,1.0
0,1,44,9,5,3,5.0,1.0,1.0
1,2,18,9,6,1,4.0,1.0,2.0
0,1,38,1,2,1,4.0,1.0,1.0
1,2,45,9,2,2,5.0,2.0,2.0
0,1,40,5,3,0,8.0,1.0,1.0
0,1,59,9,6,0,4.0,1.0,1.0
0,1,21,9,6,0,6.0,1.0,1.0
1,1,37,9,2,3,6.0,1.0,1.0
1,2,64,9,4,4,4.0,1.0,2.0
0,1,32,9,6,0,5.0,1.0,1.0
0,1,39,1,5,2,5.0,1.0,1.0
1,1,39,9,6,1,3.0,1.0,1.0
0,1,33,9,2,0,7.0,1.0,1.0
0,1,39,9,6,3,5.0,1.0,1.0
0,2,30,9,6,0,5.0,1.0,2.0
0,1,35,9,1,0,7.0,2.0,1.0
1,1,23,9,6,0,6.0,1.0,1.0
0,1,28,9,6,0,7.0,2.0,1.0
0,2,29,9,2,1,5.0,1.0,2.0
0,2,26,9,2,2,5.0,1.0,2.0
0,2,41,9,6,0,6.0,1.0,2.0
0,1,18,9,6,0,5.0,1.0,1.0
0,1,29,1,2,1,5.0,1.0,1.0
0,2,24,9,2,3,5.0,1.0,2.0
0,2,28,9,6,2,4.0,1.0,2.0
1,1,32,9,6,0,8.0,2.0,1.0
1,1,48,9,6,1,5.0,1.0,1.0
0,1,26,9,2,1,5.0,1.0,1.0
1,1,25,9,5,1,5.0,1.0,1.0
0,1,51,9,2,5,6.0,1.0,1.0
0,1,47,9,6,0,3.0,1.0,1.0
1,1,28,9,6,0,6.0,1.0,1.0
1,2,21,9,2,0,3.0,1.0,2.0
1,2,24,9,2,1,6.0,1.0,2.0
0,2,19,9,1,1,5.0,1.0,2.0
1,1,38,9,3,2,7.0,1.0,1.0
0,1,32,9,1,0,7.0,1.0,1.0
1,1,28,9,6,0,7.0,1.0,1.0
1,2,33,9,1,0,5.0,1.0,2.0
0,2,57,5,6,3,3.0,1.0,2.0
1,2,19,9,6,1,5.0,1.0,2.0
1,2,28,9,6,2,4.0,1.0,2.0
1,1,18,9,6,0,3.0,1.0,1.0
0,1,40,9,2,7,4.0,1.0,1.0
0,1,45,9,6,0,7.0,1.0,1.0
0,1,63,9,2,6,1.0,1.0,1.0
0,1,58,9,5,3,4.0,1.0,1.0
1,1,29,9,6,0,6.0,1.0,1.0
0,1,53,9,5,2,5.0,1.0,1.0
0,1,26,9,1,0,5.0,1.0,1.0
0,2,27,9,6,0,7.0,3.0,2.0
1,1,30,5,2,0,4.0,1.0,1.0
1,1,21,9,6,1,7.0,2.0,1.0
0,1,51,9,3,1,4.0,1.0,1.0
0,1,57,9,6,3,3.0,1.0,1.0
0,1,34,9,6,1,7.0,1.0,1.0
1,1,31,9,6,0,8.0,1.0,1.0
0,1,44,9,6,0,6.0,1.0,1.0
0,1,35,9,2,3,3.0,1.0,1.0
0,1,29,9,2,1,6.0,1.0,1.0
1,1,21,9,5,1,5.0,1.0,1.0
0,1,38,9,6,3,5.0,1.0,1.0
1,2,19,1,6,0,6.0,1.0,2.0
0,1,36,9,3,0,8.0,1.0,1.0
1,2,22,9,6,0,7.0,1.0,2.0
1,2,21,9,2,1,5.0,1.0,2.0
0,1,54,9,3,1,8.0,1.0,1.0
0,2,25,9,3,2,6.0,1.0,2.0
0,1,19,9,6,0,7.0,1.0,1.0
1,1,45,5,6,0,5.0,1.0,1.0
1,1,30,9,2,0,4.0,1.0,1.0
0,1,58,9,5,1,8.0,1.0,1.0
1,2,38,9,5,0,7.0,1.0,2.0
0,1,53,9,5,1,4.0,1.0,1.0
1,1,27,9,6,0,6.0,1.0,1.0
1,1,40,9,2,0,8.0,1.0,1.0
0,1,19,9,6,0,5.0,1.0,1.0
1,1,37,9,6,3,5.0,1.0,1.0
1,1,24,9,1,0,5.0,1.0,1.0
0,1,62,9,2,3,5.0,1.0,1.0
0,1,35,9,3,1,5.0,1.0,1.0
0,1,42,9,3,1,4.0,1.0,1.0
1,1,23,9,6,0,5.0,1.0,1.0
1,2,23,9,6,2,4.0,2.0,2.0
0,1,38,9,2,2,5.0,1.0,1.0
0,2,24,9,6,0,8.0,1.0,2.0
0,2,26,9,6,1,5.0,1.0,2.0
0,2,33,9,3,1,7.0,1.0,2.0
1,1,35,9,1,0,7.0,1.0,1.0
0,1,32,9,6,0,5.0,1.0,1.0
1,1,41,9,3,1,8.0,1.0,1.0
1,1,22,9,6,1,4.0,1.0,1.0
0,1,55,9,5,3,4.0,1.0,1.0
0,1,49,9,5,2,4.0,1.0,1.0
0,1,43,1,6,1,5.0,1.0,1.0
0,1,36,9,6,0,8.0,1.0,1.0
0,1,24,9,2,2,3.0,1.0,1.0
0,1,63,9,2,6,3.0,1.0,1.0
1,1,45,9,3,2,3.0,1.0,1.0
0,1,47,9,5,2,5.0,1.0,1.0
1,1,30,9,6,0,5.0,1.0,1.0
0,1,27,9,6,0,7.0,1.0,1.0
1,2,27,9,5,2,4.0,1.0,2.0
1,2,42,9,6,0,5.0,1.0,2.0
0,1,25,9,2,0,4.0,1.0,1.0
0,1,36,9,2,2,5.0,1.0,1.0
0,1,21,9,6,0,7.0,1.0,1.0
0,1,30,1,6,0,5.0,1.0,1.0
1,1,21,1,6,0,4.0,1.0,1.0
1,1,24,9,6,0,5.0,1.0,1.0
0,2,52,9,4,2,3.0,1.0,2.0
0,2,38,9,6,2,5.0,1.0,2.0
0,2,45,5,3,3,5.0,1.0,2.0
1,1,31,1,2,3,5.0,1.0,1.0
1,1,33,9,2,0,6.0,1.0,1.0
1,1,18,9,6,0,5.0,1.0,1.0
0,2,43,9,6,1,4.0,1.0,2.0
1,1,28,9,2,2,5.0,1.0,1.0
0,2,21,9,6,0,7.0,1.0,2.0
0,1,60,9,3,2,3.0,1.0,1.0
1,2,25,9,6,0,8.0,1.0,2.0
0,1,37,9,2,1,5.0,1.0,1.0
0,1,65,9,6,0,3.0,1.0,1.0
0,1,35,9,1,0,5.0,1.0,1.0
1,1,31,9,6,0,5.0,1.0,1.0
1,2,28,9,2,2,6.0,1.0,2.0
0,1,50,9,2,1,6.0,1.0,1.0
0,2,32,9,5,3,6.0,1.0,2.0
0,2,36,9,5,1,5.0,1.0,2.0
0,2,39,9,2,1,8.0,1.0,2.0
0,2,31,9,6,0,8.0,1.0,2.0
1,1,20,9,6,0,3.0,1.0,1.0
0,2,58,1,5,4,3.0,1.0,2.0
1,1,18,9,6,0,5.0,1.0,1.0
1,1,27,1,2,1,6.0,1.0,1.0
0,1,56,1,6,1,3.0,1.0,1.0
1,1,27,9,5,1,5.0,1.0,1.0
0,1,58,9,6,3,5.0,1.0,1.0
0,1,29,9,6,0,5.0,1.0,1.0
1,1,18,9,6,0,5.0,1.0,1.0
1,1,18,9,6,0,5.0,1.0,1.0
0,2,43,9,3,1,7.0,1.0,2.0
0,1,45,9,3,1,7.0,1.0,1.0
1,2,36,9,2,2,4.0,1.0,2.0
0,1,18,9,1,0,4.0,1.0,1.0
0,1,65,9,2,4,3.0,1.0,1.0
0,1,29,9,6,0,7.0,1.0,1.0
0,1,57,1,2,2,7.0,1.0,1.0
0,1,23,9,6,0,5.0,3.0,1.0
0,1,37,9,3,1,7.0,1.0,2.0
0,1,26,9,1,0,7.0,1.0,1.0
0,1,35,9,2,2,4.0,1.0,1.0
1,1,25,9,2,1,5.0,1.0,1.0
1,2,36,9,5,3,7.0,1.0,2.0
1,2,21,9,6,1,5.0,3.0,2.0
1,1,40,5,3,1,5.0,1.0,1.0
0,1,52,9,2,1,7.0,1.0,1.0
0,2,28,9,3,3,5.0,1.0,2.0
0,1,26,9,6,0,5.0,1.0,1.0
1,2,26,9,6,0,7.0,1.0,2.0
1,1,21,9,6,0,5.0,1.0,1.0
0,2,44,9,5,3,5.0,1.0,2.0
1,1,65,9,4,11,5.0,1.0,1.0
0,2,27,9,6,0,6.0,1.0,2.0
0,1,24,9,6,0,7.0,1.0,1.0
0,2,38,9,6,1,7.0,1.0,2.0
0,1,52,9,2,2,3.0,1.0,1.0
0,1,35,9,6,2,7.0,1.0,1.0
1,2,28,9,5,2,5.0,1.0,2.0
0,1,27,9,6,0,6.0,1.0,1.0
0,1,29,9,5,0,5.0,1.0,1.0
0,2,54,9,5,2,5.0,1.0,2.0
0,1,62,9,5,2,3.0,1.0,1.0
0,1,30,9,6,0,8.0,1.0,1.0
1,1,29,9,1,0,6.0,2.0,1.0
0,1,28,9,2,1,5.0,1.0,1.0
1,1,29,9,6,0,8.0,1.0,1.0
1,1,27,9,6,0,6.0,1.0,1.0
0,1,28,9,2,0,7.0,1.0,1.0
0,1,54,9,5,1,6.0,1.0,1.0
1,1,31,9,6,0,5.0,1.0,1.0
1,1,35,9,2,2,5.0,1.0,1.0
0,1,30,1,2,1,5.0,1.0,1.0
0,1,30,9,6,0,6.0,1.0,1.0
0,1,27,9,2,2,5.0,1.0,1.0
0,2,35,9,2,1,6.0,1.0,2.0
1,1,18,5,6,0,5.0,1.0,1.0
0,2,58,1,5,3,3.0,1.0,2.0
1,2,40,9,5,1,8.0,1.0,2.0
0,1,39,9,6,0,5.0,1.0,1.0
1,2,22,9,6,0,6.0,1.0,2.0
1,1,25,9,6,0,7.0,2.0,1.0
0,1,42,9,6,0,4.0,1.0,1.0
0,1,30,9,6,2,6.0,1.0,1.0
0,1,32,1,2,0,5.0,1.0,1.0
0,1,24,1,3,2,5.0,1.0,1.0
0,1,26,1,3,2,5.0,1.0,1.0
0,1,36,1,2,0,5.0,1.0,1.0
0,1,30,9,2,1,5.0,1.0,1.0
1,2,29,9,6,0,7.0,1.0,2.0
0,2,22,9,5,1,6.0,1.0,2.0
0,1,53,9,5,1,6.0,1.0,1.0
1,1,25,1,2,2,4.0,1.0,1.0
1,2,21,9,1,1,4.0,1.0,2.0
1,1,27,9,2,1,7.0,1.0,1.0
0,2,30,9,1,1,4.0,1.0,2.0
1,1,50,9,4,0,1.0,1.0,1.0
0,1,50,9,2,2,3.0,1.0,1.0
0,1,33,9,3,1,6.0,1.0,1.0
0,1,50,9,3,2,7.0,1.0,1.0
1,1,33,1,6,2,7.0,1.0,1.0
0,1,21,9,6,0,7.0,1.0,1.0
1,2,19,9,6,0,7.0,3.0,2.0
0,1,45,1,2,6,3.0,1.0,1.0
0,1,31,9,2,1,6.0,1.0,1.0
0,2,21,9,6,0,6.0,2.0,2.0
0,2,27,9,2,1,7.0,1.0,2.0
1,1,18,9,6,0,4.0,1.0,1.0
1,1,22,9,6,0,5.0,1.0,1.0
0,2,19,1,6,0,5.0,1.0,2.0
0,1,30,5,2,1,4.0,1.0,1.0
1,1,34,9,3,2,5.0,1.0,1.0
1,1,23,9,6,0,3.0,1.0,1.0
0,1,18,9,6,0,5.0,1.0,1.0
0,1,61,9,5,3,5.0,1.0,1.0
0,2,27,9,5,2,5.0,1.0,2.0
1,1,22,9,6,0,5.0,1.0,1.0
0,1,36,9,6,0,8.0,1.0,1.0
0,2,19,9,6,0,5.0,1.0,2.0
1,1,25,9,6,0,7.0,1.0,1.0
1,1,36,9,5,2,6.0,1.0,1.0
1,1,63,9,5,6,3.0,1.0,1.0
0,1,56,1,5,1,3.0,1.0,1.0
1,1,38,9,2,1,5.0,1.0,1.0
0,1,63,9,3,0,7.0,1.0,1.0
1,1,38,5,6,1,6.0,1.0,1.0
1,1,23,9,6,0,7.0,1.0,1.0
0,1,32,9,6,1,3.0,1.0,1.0
0,1,23,9,6,1,6.0,1.0,1.0
1,1,25,9,6,0,7.0,1.0,1.0
1,2,23,5,6,3,4.0,1.0,2.0
1,2,39,9,5,3,4.0,1.0,2.0
1,1,19,9,6,0,7.0,1.0,1.0
1,1,47,9,6,0,3.0,1.0,1.0
0,1,30,1,6,0,7.0,1.0,1.0
0,1,26,9,5,3,5.0,1.0,1.0
0,1,33,9,1,0,7.0,1.0,1.0
0,1,51,9,5,2,5.0,1.0,1.0
1,1,22,1,6,0,5.0,1.0,1.0
1,2,22,9,5,1,5.0,1.0,2.0
1,1,34,9,5,3,7.0,1.0,1.0
1,1,26,9,5,0,4.0,2.0,1.0
0,1,31,1,2,3,5.0,1.0,1.0
1,1,23,9,6,0,6.0,1.0,1.0
1,1,50,9,6,0,7.0,1.0,1.0
0,2,33,9,6,0,7.0,1.0,2.0
0,1,27,1,2,2,6.0,1.0,1.0
1,1,36,5,3,1,7.0,1.0,1.0
0,1,39,9,2,2,6.0,1.0,1.0
1,1,27,9,6,0,6.0,1.0,1.0
0,1,41,9,6,3,3.0,1.0,1.0
0,2,23,9,6,0,5.0,1.0,2.0
0,1,27,9,6,0,7.0,1.0,1.0
0,1,20,9,6,0,5.0,1.0,1.0
1,2,31,9,2,1,5.0,1.0,2.0
1,2,43,9,6,2,5.0,1.0,2.0
0,2,18,9,6,0,5.0,1.0,2.0
1,1,33,9,5,0,5.0,1.0,1.0
0,2,30,9,2,2,5.0,1.0,2.0
1,1,21,9,6,0,7.0,1.0,1.0
0,1,39,9,5,1,6.0,1.0,1.0
0,1,53,9,5,2,3.0,1.0,1.0
0,2,30,9,6,4,5.0,1.0,2.0
0,1,26,1,5,1,5.0,1.0,1.0
0,1,18,9,6,0,4.0,1.0,1.0
0,1,65,9,3,2,3.0,1.0,1.0
0,2,31,9,2,0,7.0,1.0,2.0
0,1,41,9,6,1,5.0,1.0,1.0
0,1,18,9,6,0,6.0,1.0,1.0
1,1,40,9,2,1,5.0,1.0,1.0
1,1,23,9,6,0,5.0,1.0,1.0
1,1,25,9,6,0,7.0,1.0,1.0
1,1,20,9,6,0,5.0,1.0,1.0
1,2,40,9,2,2,4.0,1.0,2.0
0,1,54,9,6,0,5.0,1.0,1.0
1,2,25,9,6,0,8.0,1.0,2.0
0,1,19,9,6,0,7.0,1.0,1.0
0,1,58,9,3,0,3.0,1.0,1.0
0,2,29,9,6,0,7.0,1.0,2.0
1,1,29,9,2,1,7.0,1.0,1.0
0,1,45,9,6,0,5.0,1.0,1.0
1,1,42,9,2,2,3.0,1.0,1.0
1,1,28,9,2,1,6.0,1.0,2.0
0,1,27,9,6,0,7.0,1.0,1.0
0,1,30,9,6,1,4.0,1.0,1.0
1,1,20,9,6,0,5.0,1.0,1.0
0,1,46,9,6,0,4.0,1.0,1.0
0,2,19,9,6,0,5.0,2.0,2.0
0,1,21,5,5,1,4.0,1.0,1.0
0,1,52,9,5,2,4.0,1.0,1.0
1,2,21,9,6,0,6.0,1.0,2.0
0,1,23,1,6,0,6.0,1.0,1.0
0,1,50,9,2,5,3.0,1.0,1.0
1,1,49,9,3,2,5.0,1.0,1.0
0,1,31,9,2,1,7.0,1.0,1.0
0,1,24,9,6,0,7.0,1.0,1.0
1,1,27,9,2,1,3.0,1.0,1.0
1,1,32,9,2,1,7.0,1.0,1.0
1,1,28,9,6,0,4.0,1.0,1.0
1,2,48,9,6,1,3.0,1.0,2.0
0,1,18,9,6,0,7.0,1.0,1.0
0,2,29,9,6,4,5.0,1.0,2.0
1,1,23,9,6,0,7.0,1.0,1.0
1,1,44,9,6,1,4.0,1.0,1.0
1,1,32,9,6,0,6.0,1.0,1.0
1,1,32,1,3,0,6.0,1.0,1.0
1,1,46,9,6,0,5.0,1.0,1.0
0,2,25,9,1,1,6.0,1.0,2.0
0,1,19,9,1,2,3.0,1.0,1.0
1,1,30,9,6,0,6.0,1.0,1.0
1,1,18,9,6,0,5.0,1.0,1.0
0,1,29,9,2,1,5.0,1.0,1.0
0,1,29,9,2,0,5.0,1.0,1.0
1,1,51,9,3,2,5.0,1.0,1.0
0,1,39,9,6,2,4.0,1.0,1.0
1,1,30,9,3,0,6.0,1.0,1.0
0,2,57,9,5,5,1.0,1.0,2.0
0,1,45,9,3,0,8.0,1.0,1.0
1,1,40,9,6,1,4.0,1.0,1.0
0,2,28,9,6,0,7.0,1.0,2.0
0,2,25,9,6,2,4.0,1.0,2.0
0,2,49,9,6,1,6.0,1.0,2.0
0,2,21,9,2,1,4.0,1.0,2.0
0,2,28,9,6,1,5.0,1.0,2.0
0,2,43,9,5,2,3.0,1.0,2.0
1,1,30,9,6,0,3.0,1.0,1.0
1,1,34,5,6,2,4.0,1.0,1.0
1,1,30,9,6,0,7.0,3.0,1.0
1,2,42,5,6,2,3.0,1.0,2.0
1,1,34,9,6,0,5.0,1.0,1.0
0,2,26,9,3,1,6.0,1.0,2.0
1,1,27,9,6,0,7.0,1.0,1.0
0,2,54,9,6,5,3.0,1.0,1.0
0,1,38,9,6,0,5.0,1.0,1.0
1,1,30,9,2,1,3.0,1.0,1.0
0,1,45,5,3,3,5.0,1.0,1.0
0,1,32,9,6,0,6.0,1.0,1.0
0,2,22,9,1,1,4.0,1.0,2.0
0,1,52,9,6,1,3.0,1.0,1.0
0,2,41,9,3,2,6.0,1.0,2.0
0,1,24,9,6,0,6.0,3.0,1.0
1,1,60,9,3,2,7.0,1.0,1.0
1,1,39,1,3,3,5.0,1.0,1.0
0,1,45,9,5,2,8.0,1.0,1.0
1,2,29,9,6,1,5.0,1.0,2.0
0,2,56,9,3,3,6.0,1.0,2.0
1,1,33,9,2,0,3.0,1.0,1.0
0,1,61,9,2,1,7.0,1.0,1.0
0,1,28,9,6,0,5.0,1.0,1.0
1,1,26,9,6,0,5.0,1.0,1.0
1,1,40,9,5,0,5.0,1.0,1.0
0,1,50,9,2,1,7.0,1.0,1.0
1,2,22,9,6,0,6.0,1.0,2.0
1,1,26,1,6,1,5.0,1.0,1.0
0,1,41,5,1,0,6.0,1.0,1.0
0,1,36,9,2,0,3.0,1.0,1.0
1,1,18,9,6,0,5.0,1.0,1.0
0,1,35,9,2,6,5.0,1.0,1.0
0,2,38,9,2,2,5.0,1.0,2.0
0,1,45,9,1,3,5.0,1.0,1.0
0,1,31,9,2,2,5.0,1.0,1.0
0,2,52,9,2,2,3.0,1.0,2.0
1,1,25,9,6,1,4.0,1.0,1.0
0,1,32,5,2,1,7.0,1.0,1.0
0,1,20,9,6,0,5.0,1.0,1.0
0,1,38,1,6,0,6.0,1.0,1.0
0,2,20,9,6,0,5.0,1.0,2.0
0,1,35,9,6,0,6.0,1.0,1.0
0,1,39,9,2,2,4.0,1.0,1.0
0,2,37,9,2,2,3.0,1.0,2.0
0,2,54,1,6,3,6.0,1.0,2.0
1,1,19,9,6,0,5.0,1.0,1.0
0,2,21,9,6,0,5.0,1.0,2.0
0,1,22,1,6,0,5.0,1.0,1.0
0,2,33,9,6,1,4.0,1.0,2.0
1,1,62,9,6,0,6.0,1.0,1.0
1,1,48,9,3,2,7.0,1.0,1.0
0,1,35,9,6,1,4.0,1.0,1.0
0,1,23,1,6,1,5.0,1.0,1.0
0,2,32,9,5,2,5.0,1.0,2.0
0,1,18,9,6,0,4.0,1.0,1.0
1,2,32,9,6,1,7.0,1.0,2.0
1,1,24,9,6,0,5.0,1.0,1.0
1,1,27,5,2,0,6.0,1.0,1.0
0,1,28,1,6,0,5.0,2.0,3.0
0,1,61,9,2,0,4.0,1.0,1.0
1,1,30,9,2,0,5.0,1.0,1.0
0,1,32,9,1,0,8.0,1.0,1.0
1,1,22,9,6,0,7.0,1.0,1.0
1,1,36,9,6,0,6.0,1.0,1.0
0,1,51,9,6,0,4.0,1.0,1.0
1,2,29,9,6,0,8.0,1.0,2.0
1,1,18,9,6,0,5.0,1.0,1.0
0,1,62,9,2,0,3.0,1.0,1.0
1,1,44,9,5,4,5.0,1.0,1.0
1,2,32,9,6,2,6.0,1.0,2.0
0,2,29,9,6,0,7.0,1.0,2.0
0,1,33,9,6,0,5.0,1.0,1.0
1,1,22,9,6,0,7.0,1.0,1.0
1,1,33,9,5,1,5.0,1.0,1.0
0,1,26,9,6,0,7.0,1.0,1.0
0,2,60,9,5,4,1.0,1.0,2.0
1,2,56,9,6,6,5.0,1.0,2.0
0,2,23,9,6,0,7.0,1.0,2.0
0,2,55,9,5,0,7.0,1.0,2.0
0,1,34,9,6,1,5.0,1.0,1.0
0,1,54,9,6,0,8.0,1.0,1.0
1,1,34,9,3,1,7.0,1.0,1.0
1,1,28,9,6,1,5.0,1.0,1.0
0,1,19,9,6,0,7.0,1.0,1.0
1,2,18,9,6,0,5.0,1.0,2.0
0,2,29,9,1,2,4.0,1.0,2.0
1,1,30,9,6,0,5.0,1.0,1.0
0,1,25,9,6,0,5.0,1.0,1.0
0,1,55,9,6,0,4.0,1.0,1.0
0,1,19,9,6,0,5.0,1.0,1.0
0,2,56,9,6,0,7.0,1.0,2.0
0,1,28,9,3,0,7.0,1.0,1.0
0,1,42,9,6,0,5.0,1.0,1.0
0,1,30,9,6,0,6.0,1.0,1.0
0,1,33,9,6,1,5.0,1.0,1.0
0,2,18,5,6,0,7.0,1.0,2.0
0,2,35,9,6,0,8.0,1.0,2.0
0,1,25,9,6,2,5.0,1.0,1.0
1,1,39,9,6,2,8.0,1.0,1.0
0,1,42,9,3,2,5.0,1.0,1.0
1,2,24,9,6,0,4.0,3.0,2.0
1,1,19,9,6,0,7.0,1.0,1.0
0,1,24,9,6,0,7.0,1.0,1.0
1,1,64,9,5,6,3.0,1.0,1.0
1,2,32,9,3,2,6.0,1.0,2.0
0,1,30,9,6,0,7.0,2.0,1.0
0,1,28,9,6,0,7.0,2.0,1.0
0,2,23,9,6,0,7.0,1.0,2.0
1,1,44,9,2,1,5.0,1.0,1.0
0,2,24,1,1,0,5.0,2.0,2.0
0,2,57,5,4,3,3.0,1.0,2.0
1,1,25,9,6,0,5.0,2.0,2.0
1,1,27,9,1,0,7.0,3.0,1.0
0,1,52,5,6,0,6.0,1.0,1.0
1,1,21,9,2,1,5.0,1.0,1.0
0,1,21,9,6,0,4.0,1.0,1.0
1,1,25,9,6,0,7.0,1.0,1.0
0,1,52,9,6,0,6.0,1.0,1.0
0,2,38,5,6,1,6.0,1.0,2.0
1,1,19,9,6,0,7.0,1.0,1.0
1,1,40,9,6,0,6.0,2.0,1.0
1,2,59,9,2,5,4.0,1.0,2.0
0,1,47,9,2,1,8.0,1.0,1.0
0,1,37,9,6,0,8.0,1.0,1.0
1,1,29,5,6,0,7.0,1.0,1.0
1,2,24,9,6,3,4.0,1.0,2.0
0,1,45,9,3,1,8.0,1.0,1.0
1,1,29,9,2,1,7.0,1.0,1.0
0,1,54,9,5,2,6.0,1.0,1.0
1,2,57,9,6,2,7.0,1.0,2.0
1,1,47,9,6,0,7.0,1.0,1.0
0,1,60,9,3,3,5.0,1.0,1.0
0,1,60,9,5,3,7.0,1.0,1.0
0,1,58,9,5,2,5.0,1.0,1.0
1,1,62,5,5,2,3.0,1.0,1.0
1,2,31,9,3,0,8.0,1.0,2.0
0,1,27,9,6,1,6.0,1.0,1.0
0,1,28,9,2,1,4.0,1.0,1.0
0,1,52,9,5,1,3.0,1.0,1.0
0,2,34,5,1,2,5.0,1.0,2.0
0,1,26,5,5,3,6.0,1.0,1.0
0,1,65,9,6,0,3.0,1.0,1.0
1,1,23,9,6,0,7.0,2.0,1.0
1,1,28,9,2,1,7.0,1.0,1.0
0,2,25,9,5,2,4.0,1.0,2.0
0,2,30,9,2,2,5.0,1.0,2.0
0,2,41,9,2,2,3.0,1.0,2.0
0,1,63,9,4,2,3.0,1.0,1.0
1,2,27,9,5,2,5.0,1.0,2.0
0,2,29,9,1,1,4.0,1.0,2.0
0,1,55,5,5,5,6.0,1.0,1.0
0,2,29,9,2,1,6.0,1.0,2.0
0,2,58,9,2,6,3.0,1.0,2.0
0,1,43,9,6,0,3.0,1.0,1.0
0,2,43,9,4,3,5.0,1.0,2.0
0,1,19,4,6,0,4.0,1.0,1.0
0,2,59,9,5,2,8.0,1.0,2.0
1,2,18,9,6,0,6.0,1.0,2.0
0,1,47,9,5,2,7.0,1.0,1.0
1,1,42,9,5,0,7.0,1.0,1.0
1,2,23,9,6,0,7.0,1.0,2.0
1,2,25,9,6,0,7.0,3.0,2.0
1,1,24,9,6,0,4.0,3.0,1.0
1,2,40,9,5,1,8.0,1.0,2.0
1,2,28,9,6,1,5.0,1.0,2.0
0,1,24,9,6,0,6.0,1.0,1.0
0,1,48,9,5,2,8.0,1.0,1.0
1,1,23,9,6,0,7.0,1.0,1.0
1,2,29,9,2,2,6.0,1.0,2.0
0,2,19,9,6,2,4.0,1.0,2.0
0,2,64,5,6,0,7.0,1.0,2.0
1,1,26,9,6,0,7.0,1.0,1.0
1,2,22,9,6,1,3.0,1.0,2.0
1,1,29,9,6,0,7.0,1.0,1.0
0,2,34,9,5,1,6.0,1.0,2.0
1,2,28,9,6,1,5.0,1.0,2.0
1,1,34,9,2,2,4.0,1.0,1.0
0,2,60,9,5,1,6.0,1.0,2.0
1,2,20,9,6,0,7.0,3.0,2.0
1,1,23,9,6,0,7.0,1.0,1.0
0,2,48,9,6,0,3.0,1.0,1.0
1,1,21,9,6,0,6.0,1.0,1.0
0,1,53,9,5,8,5.0,1.0,1.0
1,1,26,9,2,1,4.0,1.0,1.0
1,1,22,1,6,0,4.0,1.0,1.0
0,1,39,9,2,0,7.0,1.0,1.0
0,1,20,9,6,0,7.0,1.0,1.0
1,1,56,9,5,2,2.0,1.0,4.0
1,2,24,5,3,2,5.0,1.0,2.0
0,2,20,9,6,0,3.0,1.0,2.0
0,1,21,9,6,0,5.0,1.0,1.0
1,2,21,9,6,0,5.0,1.0,2.0
1,2,29,9,2,2,4.0,1.0,2.0
1,1,34,9,6,0,3.0,1.0,1.0
1,2,26,9,6,3,1.0,1.0,2.0
0,1,61,9,6,0,7.0,2.0,1.0
0,1,40,5,6,0,7.0,1.0,1.0
0,2,26,9,2,1,4.0,1.0,2.0
1,1,49,9,6,0,5.0,1.0,1.0
1,1,55,9,5,3,3.0,1.0,1.0
1,1,30,9,6,0,7.0,1.0,1.0
0,2,53,9,6,3,3.0,1.0,2.0
1,2,47,9,2,2,4.0,1.0,2.0
0,1,29,9,6,0,3.0,1.0,1.0
1,2,20,9,2,0,4.0,1.0,2.0
0,1,23,9,6,0,6.0,1.0,1.0
0,1,26,9,2,0,4.0,1.0,1.0
0,1,42,9,5,1,4.0,1.0,1.0
1,1,25,9,6,0,6.0,1.0,1.0
0,1,60,9,3,1,7.0,1.0,1.0
0,2,26,9,2,3,5.0,1.0,2.0
1,2,29,9,6,0,6.0,1.0,2.0
0,1,56,9,3,1,5.0,1.0,1.0
1,1,20,5,2,1,3.0,1.0,1.0
0,1,21,9,6,0,6.0,1.0,1.0
0,2,45,9,3,2,8.0,1.0,2.0
0,1,37,9,6,0,8.0,1.0,1.0
1,1,37,9,6,0,1.0,1.0,1.0
1,1,27,9,6,0,7.0,1.0,1.0
0,1,45,9,6,0,5.0,1.0,1.0
0,1,45,5,3,2,6.0,1.0,1.0
0,1,34,9,2,1,5.0,1.0,1.0
1,2,31,5,5,1,5.0,1.0,2.0
1,1,18,9,6,0,4.0,1.0,2.0
0,2,46,9,5,2,7.0,1.0,2.0
1,2,21,9,6,0,7.0,1.0,2.0
0,2,32,9,5,2,7.0,1.0,2.0
0,1,21,9,6,0,5.0,2.0,1.0
0,2,23,9,6,0,7.0,1.0,2.0
0,1,45,9,2,3,5.0,1.0,1.0
0,1,30,9,6,0,7.0,1.0,1.0
0,1,39,9,6,0,6.0,1.0,1.0
1,1,26,9,6,0,6.0,1.0,1.0
0,1,32,1,3,3,5.0,1.0,1.0
0,1,30,9,6,1,6.0,1.0,1.0
1,1,34,9,6,1,5.0,1.0,1.0
1,2,62,9,3,4,6.0,1.0,2.0
1,1,25,5,6,0,6.0,1.0,1.0
0,2,30,9,5,0,6.0,1.0,2.0
0,1,36,9,2,1,6.0,1.0,1.0
1,1,23,5,6,0,5.0,1.0,1.0
1,2,19,9,5,1,5.0,1.0,2.0
0,1,35,1,2,2,4.0,1.0,1.0
0,1,42,1,2,0,5.0,1.0,1.0
0,1,65,9,3,3,7.0,1.0,1.0
0,1,27,1,6,0,7.0,1.0,1.0
1,2,35,9,2,0,5.0,1.0,2.0
0,2,59,9,3,1,6.0,1.0,2.0
1,2,18,9,6,0,5.0,1.0,2.0
0,2,20,9,6,0,6.0,2.0,2.0
0,1,20,9,6,0,6.0,1.0,1.0
0,2,41,9,3,0,7.0,1.0,2.0
0,2,18,9,6,0,5.0,1.0,2.0
1,2,23,9,6,0,6.0,1.0,2.0
0,2,31,5,2,1,8.0,1.0,2.0
0,2,20,9,6,0,7.0,1.0,2.0
0,2,29,9,3,1,8.0,1.0,2.0
1,1,45,9,6,1,8.0,1.0,1.0
0,1,51,9,2,2,7.0,1.0,1.0
0,1,36,9,3,0,8.0,1.0,1.0
0,1,35,5,6,0,7.0,1.0,1.0
0,2,37,9,2,2,5.0,1.0,2.0
0,2,24,9,2,2,4.0,1.0,2.0
0,1,29,5,3,0,6.0,1.0,1.0
0,1,63,9,2,1,3.0,1.0,1.0
0,1,62,9,5,3,4.0,1.0,1.0
0,1,30,9,6,0,8.0,2.0,1.0
1,1,30,9,2,2,5.0,1.0,1.0
0,2,25,9,1,0,8.0,1.0,2.0
1,2,62,9,6,2,7.0,1.0,2.0
0,1,62,9,5,0,4.0,1.0,1.0
1,2,26,9,1,0,7.0,1.0,2.0
1,1,29,9,6,0,6.0,2.0,1.0
0,2,30,9,2,2,6.0,1.0,2.0
1,2,28,9,6,0,8.0,1.0,2.0
1,1,36,9,6,0,5.0,2.0,1.0
1,1,20,9,6,0,3.0,1.0,1.0
0,1,33,9,2,2,4.0,1.0,1.0
1,1,24,1,6,0,5.0,1.0,1.0
0,2,39,5,2,6,3.0,1.0,2.0
1,2,18,9,6,0,7.0,1.0,2.0
0,1,37,9,2,1,5.0,1.0,1.0
0,2,54,9,6,2,6.0,1.0,2.0
1,1,20,9,3,1,4.0,1.0,1.0
0,1,29,9,5,1,7.0,1.0,1.0
0,1,25,9,6,1,7.0,1.0,1.0
0,1,33,9,6,0,7.0,1.0,1.0
1,1,27,9,3,0,6.0,1.0,1.0
1,1,30,9,5,1,7.0,1.0,1.0
1,1,37,9,2,0,8.0,2.0,1.0
0,2,62,9,5,4,4.0,1.0,2.0
1,2,31,9,6,0,7.0,1.0,2.0
0,2,29,9,6,0,7.0,1.0,2.0
0,1,51,9,6,0,8.0,1.0,1.0
1,1,37,9,5,2,5.0,1.0,1.0
1,2,24,9,3,0,7.0,1.0,2.0
0,2,56,9,2,3,3.0,1.0,2.0
0,1,24,9,6,0,5.0,1.0,1.0
1,2,29,9,6,0,8.0,1.0,2.0
1,2,43,9,5,3,4.0,1.0,2.0
1,2,27,9,6,0,7.0,1.0,2.0
0,1,36,9,2,1,5.0,1.0,1.0
0,1,31,1,5,1,6.0,1.0,1.0
0,1,37,9,2,1,5.0,1.0,1.0
1,1,23,9,2,0,6.0,2.0,1.0
0,2,57,9,3,0,6.0,1.0,2.0
0,2,32,9,3,3,4.0,1.0,2.0
1,2,33,9,6,0,8.0,1.0,2.0
0,1,22,9,6,0,6.0,1.0,1.0
1,1,36,9,5,9,5.0,1.0,1.0
0,1,40,5,2,1,6.0,1.0,1.0
1,1,37,9,6,0,5.0,1.0,1.0
1,1,23,9,6,0,6.0,1.0,1.0
0,1,60,9,2,3,3.0,1.0,1.0
1,1,20,9,6,0,4.0,1.0,1.0
1,2,28,9,2,0,7.0,1.0,2.0
0,1,48,9,6,0,7.0,1.0,2.0
1,1,26,9,1,0,5.0,1.0,1.0
1,2,44,9,6,1,7.0,1.0,2.0
1,1,53,9,6,1,7.0,1.0,2.0
1,2,34,9,5,0,7.0,1.0,2.0
0,2,51,5,6,0,7.0,1.0,2.0
1,2,29,9,2,0,8.0,1.0,2.0
1,2,19,9,6,0,5.0,2.0,2.0
0,1,55,9,5,3,8.0,1.0,1.0
0,1,63,9,2,2,3.0,1.0,1.0
0,1,40,9,5,1,4.0,1.0,1.0
1,2,35,9,6,0,8.0,1.0,2.0
1,1,25,9,6,0,5.0,1.0,1.0
0,1,36,9,2,0,5.0,1.0,1.0
1,1,34,9,3,2,8.0,1.0,1.0
1,2,31,9,6,0,6.0,1.0,2.0
0,1,40,9,6,1,5.0,1.0,1.0
0,2,34,9,6,2,6.0,1.0,2.0
0,2,35,1,5,4,6.0,1.0,2.0
1,2,18,5,6,0,7.0,1.0,2.0
1,1,26,9,6,0,5.0,1.0,1.0
1,1,47,9,6,0,7.0,1.0,1.0
1,1,23,5,6,0,5.0,1.0,1.0
0,1,25,9,6,0,4.0,1.0,1.0
0,2,19,9,6,0,7.0,1.0,2.0
1,1,38,9,5,1,4.0,1.0,1.0
1,1,20,9,3,0,5.0,2.0,1.0
1,2,24,9,6,0,7.0,3.0,2.0
0,1,42,9,1,2,5.0,1.0,1.0
1,2,65,9,5,1,7.0,1.0,2.0
0,2,27,5,6,0,7.0,1.0,2.0
0,1,63,5,6,4,3.0,1.0,1.0
0,2,46,9,3,2,7.0,1.0,2.0
0,1,24,9,2,1,6.0,1.0,2.0
0,1,62,9,3,2,8.0,4.0,4.0
0,2,52,9,6,1,5.0,1.0,2.0
1,1,28,9,6,1,3.0,1.0,1.0
1,1,23,9,6,0,6.0,1.0,1.0
1,2,25,9,6,1,4.0,1.0,2.0
0,2,61,9,5,2,4.0,1.0,2.0
0,1,18,9,6,0,5.0,1.0,1.0
1,1,26,9,3,3,3.0,1.0,1.0
0,2,35,9,2,3,3.0,1.0,2.0
0,1,59,9,2,0,3.0,1.0,1.0
1,1,19,5,6,0,5.0,1.0,1.0
0,1,58,5,2,2,3.0,1.0,1.0
1,1,39,9,1,0,7.0,1.0,1.0
0,1,61,9,5,4,3.0,1.0,1.0
0,1,25,5,6,0,5.0,1.0,1.0
0,2,29,9,6,0,6.0,1.0,2.0
0,2,25,9,1,2,4.0,1.0,2.0
1,1,40,9,6,0,4.0,1.0,1.0
0,2,32,1,2,1,7.0,1.0,2.0
0,1,22,9,1,0,5.0,1.0,1.0
1,2,19,9,6,0,6.0,1.0,2.0
1,1,33,9,2,4,7.0,1.0,1.0
1,1,29,9,6,1,6.0,1.0,1.0
1,1,31,9,6,0,7.0,1.0,1.0
1,1,26,9,3,1,6.0,1.0,1.0
1,1,29,9,3,0,7.0,1.0,1.0
1,2,31,9,6,0,8.0,1.0,2.0
1,1,28,9,6,0,8.0,1.0,1.0
1,2,40,9,6,1,7.0,1.0,2.0
0,2,37,9,3,1,8.0,1.0,2.0
0,1,50,9,5,3,1.0,1.0,1.0
1,1,27,9,6,1,6.0,1.0,1.0
0,1,45,9,5,2,3.0,1.0,1.0
1,1,26,9,6,3,5.0,1.0,1.0
0,2,38,5,6,0,6.0,3.0,2.0
0,1,59,9,5,2,3.0,1.0,1.0
0,1,29,9,6,0,3.0,1.0,1.0
0,1,37,9,2,3,5.0,1.0,1.0
1,1,55,9,6,0,4.0,1.0,1.0
1,1,30,9,3,1,7.0,1.0,1.0
1,1,34,9,6,0,6.0,1.0,1.0
0,1,27,9,3,0,5.0,1.0,1.0
1,1,23,9,6,0,7.0,1.0,1.0
0,2,65,9,4,3,3.0,1.0,2.0
1,2,33,9,6,0,7.0,1.0,2.0
0,1,38,9,6,0,5.0,1.0,1.0
1,2,30,9,2,2,3.0,1.0,2.0
1,1,25,9,6,2,7.0,2.0,1.0
1,2,28,9,6,0,7.0,1.0,2.0
0,2,23,9,6,0,7.0,1.0,2.0
0,1,62,1,5,12,1.0,1.0,1.0
1,1,30,9,6,1,3.0,1.0,1.0
1,1,24,9,2,0,5.0,1.0,1.0
1,1,22,9,6,0,4.0,1.0,1.0
1,1,36,9,3,0,6.0,1.0,1.0
1,1,32,9,6,0,5.0,1.0,1.0
0,1,46,9,6,0,4.0,1.0,1.0
0,1,25,9,6,0,6.0,1.0,1.0
1,1,30,9,6,0,5.0,1.0,1.0
0,1,44,9,6,2,5.0,1.0,1.0
1,2,39,9,6,6,3.0,1.0,2.0
0,1,54,9,6,1,4.0,1.0,1.0
1,1,31,9,6,0,7.0,1.0,1.0
0,1,19,9,6,0,5.0,1.0,1.0
1,1,30,9,6,1,4.0,1.0,1.0
0,1,32,9,2,0,7.0,1.0,1.0
0,1,26,9,6,0,5.0,1.0,1.0
1,2,33,5,2,2,6.0,1.0,2.0
0,1,53,9,5,4,5.0,1.0,1.0
0,2,40,9,5,1,7.0,1.0,2.0
0,1,37,9,2,0,6.0,1.0,1.0
1,1,64,9,4,4,3.0,1.0,1.0
0,2,41,9,5,1,7.0,1.0,2.0
0,1,45,9,5,1,7.0,1.0,1.0
1,1,28,9,5,0,5.0,1.0,1.0
0,1,25,9,6,0,7.0,2.0,1.0
1,2,50,5,6,1,8.0,1.0,2.0
0,1,24,9,6,0,6.0,1.0,1.0
1,1,22,9,6,0,5.0,1.0,1.0
1,2,34,9,2,2,3.0,1.0,1.0
0,2,42,9,2,2,5.0,1.0,2.0
1,1,25,9,6,0,3.0,1.0,1.0
1,1,37,1,2,0,7.0,2.0,1.0
1,1,39,1,3,0,4.0,1.0,1.0
0,1,27,9,2,3,3.0,1.0,1.0
1,1,33,9,3,1,7.0,1.0,1.0
1,2,23,9,6,0,5.0,3.0,2.0
0,1,30,9,6,0,7.0,1.0,1.0
0,1,33,9,6,1,5.0,1.0,1.0
0,2,52,9,3,0,7.0,1.0,2.0
0,1,29,9,2,1,5.0,1.0,1.0
0,2,29,5,6,1,3.0,1.0,2.0
0,1,38,9,3,2,7.0,1.0,1.0
0,1,18,9,6,0,7.0,1.0,1.0
0,1,62,9,4,4,6.0,1.0,1.0
1,1,28,9,6,0,7.0,1.0,1.0
0,1,38,5,2,0,7.0,1.0,1.0
0,1,18,9,6,0,4.0,1.0,1.0
0,2,31,9,6,2,4.0,1.0,2.0
1,2,19,9,6,0,5.0,1.0,2.0
1,1,26,9,6,0,5.0,1.0,1.0
1,1,31,9,3,0,8.0,1.0,1.0
0,1,44,9,2,3,3.0,1.0,1.0
0,2,40,9,6,0,6.0,1.0,2.0
0,2,31,9,5,0,8.0,1.0,2.0
0,2,26,9,6,2,6.0,1.0,2.0
1,2,21,9,6,0,6.0,1.0,2.0
0,2,43,9,5,0,8.0,1.0,2.0
1,1,32,9,6,1,8.0,1.0,1.0
0,2,24,5,6,0,5.0,1.0,2.0
0,2,18,9,6,0,7.0,1.0,2.0
0,2,36,9,1,0,7.0,1.0,2.0
1,1,57,9,6,0,8.0,1.0,1.0
0,2,22,9,2,1,5.0,1.0,2.0
0,1,25,9,6,0,7.0,1.0,1.0
0,2,30,9,6,1,5.0,1.0,2.0
0,1,22,9,6,0,7.0,1.0,1.0
1,1,40,9,5,1,5.0,1.0,1.0
1,2,37,9,2,1,5.0,1.0,2.0
1,2,30,9,6,0,7.0,1.0,2.0
0,1,32,9,2,2,5.0,1.0,1.0
0,1,61,9,3,3,2.0,1.0,1.0
0,1,25,9,6,0,7.0,1.0,1.0
0,2,30,9,5,1,6.0,1.0,2.0
1,1,34,1,6,0,7.0,3.0,1.0
1,1,32,9,6,0,5.0,1.0,1.0
0,1,50,9,6,0,5.0,1.0,1.0
1,1,29,9,6,0,7.0,1.0,1.0
0,1,33,9,6,0,6.0,1.0,1.0
1,1,36,9,2,0,8.0,1.0,1.0
1,1,48,9,2,0,5.0,1.0,1.0
0,1,61,9,2,2,7.0,1.0,1.0
1,2,40,9,2,1,7.0,1.0,2.0
0,2,18,9,6,0,5.0,1.0,2.0
1,1,27,9,6,0,7.0,1.0,1.0
0,2,63,9,4,3,4.0,1.0,2.0
1,1,50,9,6,1,5.0,1.0,1.0
1,1,18,9,6,0,4.0,1.0,1.0
1,2,41,9,2,2,4.0,1.0,2.0
1,1,26,9,6,0,6.0,1.0,1.0
0,2,51,1,3,1,7.0,1.0,2.0
1,1,26,9,6,0,6.0,2.0,1.0
0,1,29,9,3,1,7.0,1.0,1.0
1,2,21,9,6,0,7.0,3.0,2.0
0,2,41,9,6,3,4.0,1.0,2.0
0,1,57,9,5,2,3.0,1.0,1.0
0,2,25,9,5,2,5.0,1.0,2.0
0,1,35,9,6,0,7.0,1.0,1.0
1,1,45,9,5,2,4.0,1.0,1.0
0,2,39,9,6,2,6.0,1.0,2.0
1,1,24,5,2,0,7.0,1.0,1.0
0,2,35,9,2,0,8.0,2.0,2.0
0,1,30,9,3,2,6.0,1.0,1.0
1,1,31,9,3,2,8.0,2.0,1.0
1,2,23,9,2,1,7.0,1.0,2.0
0,1,45,9,3,2,5.0,1.0,1.0
1,1,32,9,2,1,7.0,1.0,1.0
0,1,40,1,3,0,6.0,1.0,1.0
0,2,18,9,6,0,5.0,1.0,2.0
0,2,30,9,2,1,7.0,1.0,2.0
0,1,30,9,6,1,4.0,1.0,1.0
0,1,30,5,1,1,5.0,1.0,1.0
1,2,47,9,6,1,4.0,1.0,2.0
0,2,65,9,3,2,4.0,1.0,2.0
0,1,35,9,3,1,4.0,1.0,1.0
1,2,24,9,6,0,5.0,1.0,2.0
1,1,55,9,6,0,3.0,1.0,1.0
1,1,26,9,6,0,7.0,1.0,1.0
1,1,29,9,6,0,6.0,1.0,1.0
0,1,40,9,6,0,8.0,1.0,1.0
0,1,45,9,6,0,5.0,1.0,1.0
0,1,35,4,5,2,8.0,1.0,1.0
0,2,20,9,1,0,5.0,3.0,2.0
1,1,48,9,5,1,8.0,1.0,2.0
1,1,26,9,6,0,6.0,1.0,1.0
0,1,28,5,6,0,6.0,1.0,1.0
1,1,27,9,6,3,5.0,1.0,1.0
0,1,58,9,3,2,7.0,1.0,1.0
1,1,29,9,6,0,5.0,1.0,1.0
1,1,26,5,2,2,5.0,1.0,1.0
1,2,24,9,6,0,5.0,1.0,2.0
0,1,48,9,5,1,7.0,1.0,1.0
0,1,65,9,3,3,4.0,1.0,1.0
0,1,42,5,5,3,6.0,1.0,1.0
1,1,31,9,5,1,7.0,1.0,1.0
1,1,49,9,6,0,5.0,1.0,1.0
0,1,37,9,2,2,6.0,1.0,1.0
1,1,27,9,6,0,7.0,1.0,1.0
0,1,20,9,2,1,5.0,1.0,1.0
0,1,31,5,2,2,5.0,1.0,1.0
1,1,20,9,6,0,7.0,1.0,1.0
0,1,44,9,6,1,5.0,1.0,1.0
1,2,40,9,5,1,7.0,1.0,2.0
0,2,30,9,6,0,8.0,1.0,2.0
1,1,23,9,6,0,6.0,1.0,1.0
0,2,47,9,6,0,8.0,1.0,2.0
0,2,36,9,6,0,8.0,1.0,2.0
1,1,30,9,6,1,5.0,1.0,1.0
0,1,57,9,2,1,3.0,1.0,1.0
0,2,32,9,1,0,8.0,1.0,2.0
1,2,27,9,6,3,6.0,1.0,2.0
0,1,40,9,6,1,5.0,1.0,1.0
1,1,41,9,3,1,8.0,1.0,1.0
0,1,36,9,2,1,5.0,1.0,1.0
0,1,33,9,4,1,3.0,1.0,1.0
0,2,63,9,3,2,7.0,1.0,2.0
1,1,18,1,6,0,5.0,3.0,1.0
0,1,34,9,6,2,5.0,1.0,1.0
1,1,30,9,6,0,6.0,1.0,1.0
0,2,45,5,3,2,3.0,1.0,2.0
1,1,18,9,6,0,5.0,1.0,1.0
0,1,39,9,2,2,7.0,1.0,1.0
0,1,45,9,6,0,4.0,1.0,1.0
0,1,29,9,5,2,6.0,1.0,1.0
1,1,42,9,6,0,5.0,1.0,1.0
0,2,65,9,6,4,3.0,1.0,2.0
1,2,27,9,5,2,5.0,1.0,2.0
0,1,65,9,5,1,3.0,1.0,1.0
0,1,19,9,6,0,5.0,1.0,1.0
1,1,27,5,6,0,7.0,1.0,1.0
0,1,29,9,6,1,4.0,1.0,1.0
1,1,21,9,6,0,7.0,1.0,1.0
0,2,28,9,6,0,7.0,1.0,2.0
0,2,27,9,6,0,7.0,1.0,2.0
1,2,30,9,5,2,5.0,1.0,2.0
1,1,37,9,6,3,6.0,1.0,1.0
0,2,24,9,2,1,5.0,1.0,2.0
0,2,26,9,2,1,5.0,3.0,2.0
0,1,53,5,6,0,7.0,1.0,1.0
1,2,24,9,2,1,4.0,1.0,2.0
0,2,22,9,5,2,3.0,1.0,2.0
1,2,19,9,6,0,4.0,3.0,2.0
0,2,62,9,5,1,3.0,1.0,2.0
0,1,48,5,2,1,5.0,1.0,1.0
1,1,43,9,6,0,3.0,1.0,1.0
0,1,20,9,6,0,5.0,1.0,1.0
0,2,46,5,3,3,6.0,1.0,2.0
1,1,18,9,6,0,5.0,3.0,1.0
1,2,21,9,6,0,6.0,1.0,2.0
0,1,52,9,2,3,4.0,1.0,1.0
0,2,22,5,6,0,7.0,1.0,2.0
0,1,28,9,5,1,5.0,1.0,1.0
0,1,31,9,2,2,5.0,1.0,1.0
0,2,31,9,2,1,7.0,1.0,2.0
0,1,40,9,6,1,4.0,1.0,1.0
0,1,36,9,6,3,5.0,1.0,1.0
1,2,28,9,2,3,7.0,1.0,2.0
0,1,18,9,6,0,5.0,1.0,1.0
0,1,62,9,3,2,4.0,1.0,1.0
1,1,60,9,6,2,5.0,1.0,1.0
1,1,25,9,6,0,5.0,1.0,1.0
0,1,44,9,6,0,7.0,1.0,1.0
1,1,24,9,6,0,7.0,1.0,1.0
0,1,29,9,6,0,8.0,1.0,1.0
1,1,37,9,5,1,5.0,1.0,1.0
0,1,62,9,5,3,3.0,1.0,1.0
0,2,42,1,5,1,3.0,1.0,2.0
1,2,28,5,6,0,7.0,1.0,2.0
0,1,36,9,2,0,8.0,1.0,1.0
0,1,65,9,6,0,7.0,1.0,1.0
1,1,30,9,6,1,3.0,1.0,1.0
0,1,33,9,6,0,7.0,1.0,1.0
1,1,29,9,6,0,5.0,1.0,1.0
0,1,33,9,6,0,6.0,1.0,1.0
1,2,27,5,2,0,7.0,1.0,2.0
0,2,29,9,1,1,5.0,1.0,2.0
1,1,55,9,6,2,3.0,1.0,1.0
0,1,63,9,3,2,3.0,1.0,1.0
1,2,18,1,6,0,3.0,1.0,2.0
0,1,23,9,6,0,5.0,1.0,1.0
1,2,23,9,5,1,3.0,1.0,2.0
1,2,28,9,5,2,4.0,1.0,2.0
1,1,23,9,6,0,5.0,1.0,1.0
0,1,30,5,2,0,5.0,1.0,1.0
0,1,62,9,5,4,4.0,1.0,1.0
1,1,24,9,6,0,6.0,1.0,1.0
0,2,30,9,6,2,5.0,1.0,2.0
0,2,40,9,5,3,5.0,1.0,2.0
1,1,23,9,6,0,7.0,1.0,1.0
1,1,38,9,5,1,5.0,1.0,1.0
0,1,37,5,3,1,7.0,1.0,1.0
1,1,25,9,1,2,4.0,1.0,1.0
0,1,33,9,6,0,8.0,1.0,1.0
0,1,29,5,2,0,7.0,1.0,2.0
1,1,27,9,6,0,5.0,1.0,1.0
1,2,23,5,5,1,6.0,1.0,2.0
1,1,24,5,2,1,5.0,1.0,1.0
0,1,43,9,1,0,7.0,1.0,1.0
1,2,23,9,1,3,3.0,1.0,2.0
0,1,60,9,6,0,4.0,1.0,1.0
0,2,59,9,3,2,7.0,1.0,2.0
1,1,23,5,2,1,5.0,1.0,1.0
0,1,21,9,6,0,7.0,1.0,1.0
1,1,33,9,2,0,7.0,1.0,1.0
1,1,62,9,3,2,5.0,1.0,1.0
0,1,21,9,6,0,6.0,1.0,1.0
0,2,28,9,1,2,5.0,2.0,2.0
1,1,25,9,1,1,4.0,1.0,1.0
0,1,27,9,6,0,7.0,1.0,1.0
1,1,28,1,2,1,3.0,1.0,1.0
0,1,42,5,2,6,3.0,1.0,1.0
0,2,27,5,6,4,5.0,1.0,2.0
0,2,53,9,5,5,3.0,1.0,2.0
0,1,39,5,6,0,6.0,1.0,1.0
1,1,23,5,6,0,4.0,1.0,1.0
0,1,18,5,6,0,6.0,1.0,1.0
0,2,60,9,2,1,5.0,1.0,2.0
1,1,30,9,6,0,6.0,3.0,1.0
1,1,25,9,6,0,5.0,1.0,1.0
0,1,25,9,6,0,5.0,1.0,1.0
0,2,24,9,1,2,5.0,1.0,2.0
1,2,36,9,6,1,5.0,1.0,2.0
1,1,31,9,6,0,5.0,1.0,1.0
0,1,21,9,6,0,5.0,1.0,1.0
0,2,65,9,6,0,5.0,1.0,2.0
0,1,52,1,3,3,5.0,1.0,1.0
0,1,21,9,6,0,6.0,1.0,1.0
0,2,33,9,5,2,7.0,1.0,2.0
0,1,40,9,2,2,4.0,1.0,1.0
1,1,30,9,2,2,5.0,1.0,1.0
1,2,22,9,1,1,5.0,3.0,2.0
0,1,25,9,3,0,6.0,1.0,1.0
1,1,38,9,6,3,4.0,1.0,1.0
0,1,60,9,3,4,7.0,1.0,1.0
0,1,53,9,3,4,6.0,1.0,1.0
0,2,21,9,6,0,6.0,1.0,2.0
0,2,18,9,6,0,4.0,1.0,2.0
1,2,23,9,6,0,7.0,1.0,2.0
0,1,48,9,6,1,5.0,1.0,1.0
1,2,28,9,6,0,7.0,1.0,2.0
1,2,22,9,6,0,6.0,1.0,2.0
0,2,37,9,3,3,5.0,1.0,2.0
1,1,52,9,5,1,4.0,1.0,1.0
0,2,29,9,6,1,6.0,1.0,2.0
1,1,31,9,6,0,7.0,1.0,1.0
0,2,33,9,3,3,7.0,1.0,2.0
1,1,35,9,6,0,4.0,2.0,3.0
0,1,31,9,6,1,5.0,1.0,1.0
0,2,28,9,6,0,8.0,1.0,2.0
0,2,64,9,3,2,7.0,1.0,2.0
1,2,26,9,2,2,5.0,1.0,2.0
0,2,18,9,6,0,6.0,1.0,2.0
1,1,19,9,6,0,7.0,1.0,1.0
0,2,44,9,3,1,8.0,1.0,2.0
0,1,48,9,5,1,7.0,1.0,1.0
1,2,28,9,2,2,5.0,1.0,2.0
0,1,39,9,3,2,8.0,1.0,1.0
0,2,20,9,6,0,5.0,1.0,2.0
1,2,22,9,6,0,7.0,1.0,2.0
1,1,27,9,6,0,6.0,1.0,1.0
0,1,30,9,3,3,5.0,1.0,1.0
0,2,20,9,6,0,5.0,3.0,2.0
0,1,29,9,2,1,7.0,1.0,1.0
0,1,33,9,6,0,5.0,1.0,1.0
0,2,38,9,6,0,8.0,1.0,2.0
1,2,56,9,5,2,7.0,1.0,2.0
1,1,18,9,6,0,4.0,1.0,1.0
0,1,55,9,5,4,7.0,1.0,1.0
0,2,24,9,6,0,8.0,3.0,2.0
0,1,19,9,6,0,7.0,1.0,1.0
1,1,25,9,6,0,7.0,2.0,1.0
1,1,23,9,6,2,5.0,1.0,1.0
0,1,28,9,6,0,7.0,1.0,1.0
1,2,50,9,5,1,6.0,1.0,2.0
0,2,58,9,5,4,7.0,1.0,2.0
0,2,31,9,6,1,5.0,1.0,2.0
0,2,22,9,6,0,7.0,1.0,1.0
0,2,24,9,6,0,7.0,1.0,2.0
1,1,26,9,6,0,5.0,1.0,1.0
0,2,31,9,6,2,5.0,1.0,2.0
1,1,21,9,6,0,6.0,1.0,1.0
1,1,22,9,6,0,5.0,1.0,1.0
1,1,27,9,6,0,5.0,1.0,1.0
0,1,48,9,6,1,4.0,1.0,1.0
1,2,18,9,2,1,5.0,1.0,2.0
1,2,29,9,2,2,6.0,1.0,2.0
0,1,65,9,5,7,4.0,1.0,1.0
1,1,26,9,6,0,7.0,1.0,1.0
0,1,41,9,3,1,7.0,1.0,1.0
1,2,22,1,6,1,7.0,1.0,2.0
1,1,23,9,6,0,7.0,1.0,1.0
0,1,63,9,5,11,3.0,1.0,1.0
0,2,42,9,5,2,8.0,1.0,2.0
1,2,21,9,6,1,5.0,1.0,2.0
1,2,30,9,6,1,6.0,1.0,2.0
1,2,29,9,2,2,6.0,1.0,2.0
0,1,61,9,2,0,8.0,1.0,1.0
0,2,38,9,5,1,5.0,1.0,2.0
0,1,28,9,6,0,6.0,1.0,1.0
1,1,18,9,6,0,4.0,1.0,1.0
1,2,18,9,6,0,5.0,1.0,2.0
0,2,65,9,3,5,3.0,1.0,2.0
0,1,18,9,6,0,5.0,1.0,1.0
0,1,59,9,3,3,3.0,1.0,1.0
1,1,35,9,6,1,5.0,1.0,1.0
1,1,22,9,6,0,6.0,1.0,1.0
1,2,60,2,6,4,6.0,1.0,1.0
0,1,25,9,6,0,5.0,1.0,1.0
1,1,18,9,1,0,4.0,1.0,1.0
1,1,25,9,6,1,7.0,1.0,1.0
0,1,27,9,6,0,7.0,3.0,1.0
1,1,26,9,1,0,7.0,1.0,1.0
0,2,42,9,6,0,8.0,1.0,1.0
0,1,27,9,6,0,7.0,1.0,1.0
0,2,50,5,3,1,8.0,1.0,2.0
0,2,37,9,2,0,8.0,2.0,2.0
0,1,37,9,6,0,7.0,3.0,1.0
1,1,54,9,6,0,4.0,1.0,1.0
0,2,36,9,6,0,6.0,3.0,2.0
1,2,28,9,6,0,7.0,1.0,2.0
1,1,26,9,6,0,5.0,1.0,1.0
1,2,30,9,6,1,6.0,1.0,2.0
1,1,29,9,6,1,6.0,1.0,1.0
0,2,22,9,6,0,7.0,1.0,2.0
1,2,23,9,6,0,7.0,1.0,2.0
1,2,34,9,5,1,6.0,1.0,2.0
0,1,36,9,2,0,8.0,1.0,1.0
0,1,27,9,1,1,5.0,1.0,1.0
0,2,27,9,6,2,6.0,1.0,2.0
0,1,29,9,2,4,6.0,1.0,1.0
0,1,19,5,6,0,7.0,1.0,1.0
0,1,34,9,6,0,5.0,1.0,1.0
1,2,24,9,6,0,6.0,1.0,2.0
0,1,53,9,2,1,7.0,1.0,1.0
1,1,19,9,6,0,7.0,1.0,1.0
0,1,20,9,6,0,5.0,1.0,1.0
0,1,56,9,5,2,8.0,1.0,1.0
0,2,50,9,5,2,7.0,1.0,2.0
0,2,33,9,6,0,5.0,1.0,2.0
1,1,28,9,2,0,7.0,1.0,1.0
0,2,42,9,5,1,5.0,1.0,2.0
1,2,18,9,6,0,5.0,1.0,2.0
0,1,61,9,2,1,5.0,1.0,1.0
1,2,23,9,3,1,6.0,1.0,2.0
0,1,20,9,6,0,6.0,2.0,1.0
0,2,23,9,2,0,7.0,1.0,2.0
0,2,30,9,6,0,7.0,1.0,2.0
1,1,29,9,6,0,7.0,3.0,1.0
1,1,23,9,6,0,5.0,1.0,1.0
0,1,59,9,5,4,3.0,1.0,1.0
0,1,43,9,6,0,3.0,1.0,1.0
1,1,19,9,6,0,5.0,1.0,1.0
1,1,27,9,6,0,6.0,1.0,1.0
0,2,53,9,5,1,7.0,1.0,2.0
0,2,27,9,2,2,5.0,1.0,2.0
0,1,62,9,2,2,3.0,1.0,1.0
0,1,45,9,3,0,7.0,1.0,1.0
0,1,40,9,6,0,8.0,1.0,1.0
0,2,41,9,5,1,8.0,1.0,2.0
1,2,22,9,6,2,5.0,1.0,2.0
1,2,29,9,1,2,3.0,3.0,2.0
1,1,48,9,6,0,5.0,1.0,1.0
1,2,49,9,6,1,6.0,1.0,2.0
0,1,43,9,3,1,8.0,1.0,1.0
1,1,30,9,6,1,5.0,1.0,1.0
0,2,29,9,1,0,7.0,1.0,2.0
0,2,37,9,6,0,7.0,1.0,2.0
0,1,29,9,1,0,4.0,1.0,1.0
0,2,21,9,1,0,5.0,1.0,2.0
0,2,29,9,2,1,6.0,1.0,2.0
0,1,23,9,6,0,7.0,1.0,1.0
1,2,21,9,6,0,4.0,1.0,2.0
0,2,40,9,3,3,6.0,1.0,1.0
1,2,25,9,6,2,5.0,1.0,2.0
1,1,60,9,6,3,6.0,1.0,1.0
0,1,42,9,3,1,8.0,1.0,1.0
1,1,28,9,6,1,7.0,1.0,1.0
0,1,31,9,6,6,4.0,1.0,2.0
1,1,22,9,6,0,7.0,1.0,1.0
1,2,23,5,3,3,5.0,1.0,2.0
0,2,25,9,6,0,6.0,1.0,2.0
0,1,24,9,6,0,7.0,1.0,1.0
1,1,30,9,6,0,7.0,1.0,1.0
0,2,26,9,3,1,7.0,1.0,2.0
0,1,57,5,3,3,5.0,1.0,1.0
0,1,31,9,3,2,5.0,1.0,1.0
0,1,65,9,5,3,3.0,1.0,1.0
1,1,18,9,6,0,5.0,1.0,1.0
0,1,49,9,6,0,7.0,1.0,1.0
0,2,25,9,6,0,7.0,1.0,2.0
0,2,40,9,3,1,7.0,1.0,2.0
1,1,23,1,6,2,4.0,1.0,1.0
0,2,42,9,3,3,6.0,1.0,2.0
1,1,46,9,3,1,5.0,1.0,1.0
1,1,22,9,6,0,5.0,1.0,1.0
0,1,34,9,2,1,6.0,1.0,1.0
1,1,21,9,5,3,4.0,1.0,1.0
0,2,35,9,6,2,7.0,1.0,2.0
0,1,54,9,6,0,7.0,1.0,1.0
1,1,41,9,3,2,5.0,1.0,1.0
0,1,20,9,6,0,7.0,1.0,1.0
0,1,30,9,6,0,7.0,3.0,1.0
0,1,38,9,6,0,5.0,1.0,1.0
1,1,38,9,3,1,6.0,1.0,1.0
0,1,25,9,6,0,7.0,1.0,1.0
1,2,25,9,6,0,6.0,1.0,2.0
0,1,25,9,3,0,5.0,1.0,1.0
0,1,40,9,6,0,7.0,1.0,1.0
0,1,24,9,6,0,7.0,2.0,1.0
0,1,50,9,2,0,5.0,1.0,1.0
0,2,29,9,6,0,7.0,1.0,2.0
0,2,25,9,2,2,5.0,1.0,2.0
0,1,36,9,6,0,4.0,1.0,1.0
1,1,25,9,5,0,7.0,1.0,1.0
0,2,31,9,3,0,8.0,1.0,2.0
0,1,58,9,3,5,5.0,1.0,1.0
1,1,37,9,5,0,6.0,1.0,1.0
0,1,34,9,6,0,8.0,1.0,1.0
0,2,48,9,2,2,7.0,1.0,2.0
0,2,19,9,1,0,4.0,1.0,2.0
0,1,47,9,6,0,8.0,1.0,1.0
0,1,27,9,6,0,6.0,1.0,1.0
0,1,47,9,5,1,3.0,1.0,1.0
0,1,30,9,2,1,4.0,1.0,1.0
1,2,29,9,6,0,8.0,3.0,2.0
0,2,21,2,6,0,6.0,1.0,2.0
1,1,33,9,2,1,6.0,1.0,1.0
0,2,57,9,2,2,6.0,1.0,2.0
1,1,28,9,1,0,7.0,1.0,1.0
0,2,29,9,6,1,5.0,1.0,2.0
1,2,34,9,3,1,6.0,1.0,2.0
1,1,18,9,6,0,5.0,1.0,1.0
0,1,19,9,6,0,7.0,1.0,1.0
0,1,45,9,3,0,7.0,1.0,1.0
0,1,21,9,6,0,7.0,1.0,1.0
1,2,35,9,6,0,7.0,1.0,2.0
1,1,36,9,2,2,4.0,1.0,1.0
0,2,31,9,2,1,7.0,1.0,2.0
1,1,27,9,6,0,6.0,1.0,1.0
0,2,61,9,2,4,3.0,1.0,2.0
0,1,52,9,5,1,3.0,1.0,1.0
1,1,18,9,1,0,5.0,1.0,1.0
0,1,21,9,6,0,5.0,2.0,2.0
1,1,37,9,6,0,4.0,2.0,2.0
1,1,20,9,6,0,7.0,1.0,1.0
1,1,27,9,3,0,7.0,1.0,1.0
0,1,22,9,6,0,7.0,1.0,1.0
1,2,40,9,6,0,8.0,4.0,2.0
0,2,52,9,6,2,6.0,1.0,2.0
0,1,40,9,3,2,6.0,1.0,1.0
1,2,29,9,6,1,5.0,1.0,2.0
0,1,63,9,4,4,3.0,1.0,1.0
0,2,25,9,1,0,7.0,1.0,2.0
1,2,25,9,2,0,6.0,1.0,2.0
1,1,27,9,2,1,4.0,1.0,1.0
1,1,32,9,6,1,6.0,1.0,1.0
0,1,55,9,2,2,3.0,1.0,1.0
0,1,36,9,6,0,3.0,1.0,1.0
0,1,25,9,6,0,6.0,1.0,1.0
0,2,19,9,1,0,4.0,1.0,2.0
1,1,42,9,6,0,3.0,1.0,1.0
0,1,50,9,3,1,7.0,1.0,1.0
1,1,26,9,6,0,7.0,1.0,1.0
0,1,28,9,6,0,8.0,1.0,1.0
1,2,27,9,6,0,7.0,1.0,2.0
1,1,31,1,5,0,6.0,1.0,1.0
1,1,24,9,6,0,7.0,3.0,1.0
0,1,32,9,1,0,5.0,1.0,1.0
0,1,62,9,2,1,3.0,1.0,1.0
0,1,24,9,2,0,3.0,1.0,1.0
0,2,30,9,6,0,8.0,1.0,2.0
0,1,31,9,6,0,4.0,1.0,1.0
1,2,27,9,6,0,7.0,4.0,2.0
1,1,18,9,6,1,4.0,1.0,1.0
1,1,21,9,6,0,6.0,1.0,1.0
1,1,26,9,6,0,6.0,1.0,1.0
1,1,19,9,6,0,4.0,1.0,1.0
1,1,34,9,6,0,7.0,1.0,1.0
0,1,23,9,6,0,6.0,1.0,1.0
0,1,39,9,6,1,3.0,1.0,1.0
0,1,26,9,6,1,6.0,1.0,1.0
0,2,38,9,2,1,5.0,1.0,2.0
0,2,21,9,6,0,6.0,1.0,2.0
0,2,34,9,6,1,6.0,1.0,2.0
1,1,33,9,6,0,3.0,1.0,1.0
0,1,30,9,3,1,7.0,1.0,1.0
1,1,32,9,6,0,7.0,1.0,1.0
0,2,30,9,2,4,3.0,1.0,2.0
1,2,24,9,6,0,7.0,4.0,3.0
1,1,34,9,6,0,8.0,1.0,1.0
0,1,40,9,5,1,6.0,1.0,1.0
1,1,30,9,3,0,8.0,1.0,1.0
0,2,55,9,3,3,3.0,1.0,2.0
0,1,39,9,3,0,5.0,1.0,1.0
0,2,43,9,2,2,7.0,1.0,2.0
1,1,19,9,1,1,4.0,1.0,1.0
1,1,21,9,6,0,6.0,1.0,2.0
0,1,43,9,2,2,7.0,1.0,1.0
0,2,28,9,2,0,7.0,1.0,2.0
1,2,23,9,6,0,7.0,1.0,2.0
0,1,35,9,6,0,5.0,1.0,1.0
1,1,55,9,2,0,6.0,1.0,2.0
1,2,49,9,2,2,7.0,1.0,2.0
1,2,19,9,6,0,6.0,3.0,2.0
1,1,23,9,6,0,7.0,1.0,1.0
1,1,27,9,3,0,5.0,1.0,1.0
0,2,56,9,4,2,7.0,1.0,2.0
1,1,22,9,6,0,7.0,1.0,1.0
1,2,22,1,6,0,7.0,1.0,2.0
0,2,47,9,5,1,8.0,1.0,2.0
0,2,35,9,3,0,7.0,1.0,2.0
0,1,38,9,6,0,7.0,1.0,1.0
0,1,31,9,6,0,7.0,1.0,1.0
0,1,28,1,5,0,5.0,1.0,1.0
1,2,21,9,6,0,7.0,1.0,2.0
0,1,49,9,6,0,5.0,1.0,1.0
0,1,39,9,6,0,7.0,1.0,1.0
1,1,20,9,6,0,5.0,1.0,1.0
0,1,30,9,3,1,5.0,1.0,1.0
0,2,45,9,1,0,7.0,1.0,2.0
1,2,35,9,2,2,5.0,1.0,2.0
0,1,18,9,6,0,5.0,1.0,1.0
1,2,25,9,3,1,5.0,1.0,2.0
0,1,21,9,6,0,5.0,1.0,1.0
1,1,27,9,6,0,7.0,1.0,1.0
0,1,37,9,3,2,6.0,1.0,1.0
0,2,31,9,6,2,5.0,1.0,2.0
1,1,25,9,1,1,6.0,1.0,1.0
1,1,24,9,2,2,5.0,1.0,1.0
0,2,36,9,3,1,7.0,1.0,2.0
1,2,65,9,6,3,6.0,1.0,2.0
0,1,18,9,6,0,7.0,2.0,1.0
1,2,27,9,1,0,7.0,1.0,2.0
1,2,29,9,6,0,7.0,1.0,2.0
1,2,25,9,6,1,7.0,1.0,2.0
0,1,52,9,5,4,6.0,1.0,1.0
0,1,27,9,6,0,7.0,1.0,1.0
0,1,46,9,3,2,5.0,1.0,1.0
1,2,18,9,2,0,4.0,1.0,2.0
0,1,36,9,3,2,8.0,1.0,1.0
0,1,23,9,6,0,7.0,1.0,1.0
0,2,22,9,3,1,6.0,1.0,2.0
0,1,24,9,6,0,4.0,1.0,1.0
0,1,49,9,5,4,3.0,1.0,1.0
1,1,24,9,6,0,4.0,1.0,1.0
1,1,18,9,6,0,7.0,1.0,1.0
0,2,42,9,6,0,7.0,1.0,2.0
0,2,53,9,6,2,4.0,1.0,2.0
0,2,63,9,6,2,3.0,1.0,2.0
1,1,24,9,6,2,5.0,1.0,1.0
0,1,56,1,2,1,5.0,1.0,1.0
0,1,34,9,2,2,6.0,1.0,1.0
0,1,25,9,6,0,5.0,1.0,1.0
0,2,46,9,3,2,6.0,1.0,2.0
0,1,28,9,6,0,7.0,1.0,1.0
0,2,23,9,6,0,7.0,1.0,2.0
0,1,25,9,2,2,5.0,1.0,1.0
0,2,65,9,4,1,7.0,1.0,2.0
0,2,56,9,3,3,6.0,1.0,2.0
1,1,62,9,3,6,5.0,1.0,1.0
1,1,57,9,6,1,5.0,1.0,1.0
0,1,60,9,6,0,4.0,1.0,1.0
1,1,28,9,5,0,7.0,1.0,1.0
0,1,65,9,4,2,5.0,1.0,1.0
1,2,19,9,6,0,6.0,1.0,2.0
1,1,18,9,6,0,7.0,1.0,1.0
1,1,39,9,6,0,7.0,1.0,1.0
0,2,31,9,3,2,5.0,1.0,2.0
0,1,58,9,3,3,5.0,1.0,1.0
1,1,19,9,3,0,4.0,2.0,1.0
0,1,42,9,6,0,4.0,1.0,1.0
1,1,25,9,6,0,7.0,1.0,1.0
1,1,21,9,6,0,6.0,1.0,1.0
1,1,37,9,2,2,5.0,1.0,1.0
0,1,40,9,6,0,3.0,1.0,1.0
0,2,54,9,3,1,7.0,1.0,2.0
0,2,40,9,2,2,6.0,1.0,2.0
0,1,65,9,2,2,3.0,1.0,1.0
0,2,19,9,6,0,7.0,1.0,2.0
0,1,25,9,3,0,5.0,1.0,1.0
0,1,30,9,6,0,7.0,1.0,1.0
1,1,24,9,6,0,5.0,1.0,1.0
0,1,24,9,6,0,7.0,1.0,1.0
1,1,34,9,6,1,5.0,1.0,1.0
1,1,20,9,5,0,5.0,1.0,1.0
0,1,38,9,5,0,3.0,1.0,1.0
1,1,25,9,6,0,7.0,1.0,1.0
1,1,25,9,2,0,7.0,1.0,1.0
0,1,43,9,5,2,5.0,1.0,1.0
0,1,55,9,3,1,5.0,1.0,1.0
0,1,20,9,6,0,7.0,1.0,1.0
1,1,30,9,2,1,5.0,1.0,1.0
0,1,18,9,6,0,5.0,1.0,1.0
1,1,40,9,1,0,8.0,1.0,1.0
1,2,31,9,2,3,5.0,1.0,2.0
0,1,62,9,3,3,3.0,1.0,1.0
0,1,24,9,2,2,5.0,1.0,1.0
0,1,21,9,6,0,5.0,1.0,1.0
1,1,54,9,3,1,7.0,1.0,1.0
0,1,47,9,5,1,7.0,1.0,1.0
1,1,24,9,6,0,7.0,1.0,1.0
0,1,60,9,5,1,4.0,1.0,1.0
0,1,27,9,1,2,5.0,1.0,1.0
1,1,19,9,6,0,6.0,1.0,1.0
1,1,24,9,6,0,7.0,1.0,1.0
0,1,42,9,3,1,5.0,1.0,1.0
0,2,35,9,6,1,5.0,1.0,2.0
1,1,30,9,5,3,6.0,1.0,1.0
1,1,27,9,5,2,4.0,1.0,1.0
1,2,40,9,6,0,8.0,1.0,2.0
0,1,31,9,3,1,7.0,1.0,1.0
1,2,22,9,6,2,6.0,1.0,2.0
1,1,34,9,2,1,4.0,1.0,1.0
0,2,58,9,4,3,5.0,1.0,2.0
0,1,28,9,3,0,5.0,1.0,1.0
1,1,23,9,6,0,8.0,1.0,1.0
0,1,40,9,3,0,8.0,1.0,1.0
0,1,57,9,2,2,7.0,1.0,1.0
1,1,28,9,1,1,6.0,1.0,1.0
0,1,32,9,2,0,3.0,1.0,1.0
0,1,23,9,1,0,5.0,1.0,1.0
0,2,30,9,2,3,3.0,1.0,2.0
1,1,25,9,6,0,7.0,1.0,1.0
0,1,28,9,3,0,8.0,1.0,1.0
1,2,21,5,6,0,7.0,1.0,2.0
0,1,53,9,3,2,7.0,1.0,1.0
1,1,18,9,6,0,5.0,1.0,1.0
1,1,39,9,6,1,6.0,1.0,1.0
0,2,21,9,2,0,5.0,1.0,2.0
1,1,31,9,5,1,5.0,1.0,1.0
0,2,42,9,2,2,5.0,1.0,2.0
0,1,20,9,6,1,5.0,1.0,2.0
1,1,35,9,6,0,6.0,1.0,1.0
1,1,54,2,6,0,8.0,3.0,1.0
0,1,52,9,5,0,3.0,1.0,1.0
1,2,25,9,3,0,7.0,1.0,2.0
0,1,19,9,6,0,5.0,1.0,1.0
0,2,24,9,6,0,7.0,2.0,3.0
1,1,21,9,6,0,6.0,1.0,1.0
0,2,26,9,6,0,7.0,1.0,2.0
0,1,34,9,6,0,5.0,1.0,1.0
1,1,27,9,6,0,6.0,1.0,1.0
1,1,32,9,6,0,7.0,1.0,1.0
1,1,29,9,3,1,7.0,1.0,1.0
0,2,31,9,6,1,3.0,1.0,2.0
0,1,56,9,5,1,5.0,1.0,1.0
0,2,32,9,6,0,6.0,2.0,2.0
0,2,31,9,1,0,6.0,1.0,2.0
1,1,24,9,6,0,7.0,1.0,1.0
0,1,28,9,2,0,5.0,1.0,1.0
1,1,26,9,6,1,4.0,1.0,1.0
1,2,21,5,6,0,5.0,1.0,2.0
0,1,59,9,6,1,3.0,1.0,1.0
1,2,21,9,6,1,5.0,1.0,2.0
1,2,30,9,6,0,6.0,1.0,2.0
1,1,22,9,6,0,7.0,1.0,1.0
0,2,29,9,2,2,7.0,1.0,2.0
1,2,29,9,1,0,7.0,3.0,2.0
0,2,56,9,3,2,3.0,1.0,2.0
0,2,42,9,2,2,7.0,1.0,2.0
1,2,18,9,1,0,5.0,1.0,2.0
0,1,42,9,5,2,5.0,1.0,1.0
1,2,25,9,1,1,6.0,1.0,2.0
1,1,35,9,6,0,4.0,1.0,1.0
0,2,58,9,3,0,5.0,1.0,2.0
0,1,55,9,3,1,8.0,1.0,1.0
0,1,37,9,3,0,7.0,1.0,1.0
1,1,32,9,6,1,6.0,1.0,1.0
1,1,35,9,6,0,8.0,1.0,1.0
1,2,41,9,2,3,6.0,1.0,2.0
0,1,52,9,5,5,5.0,1.0,1.0
0,1,30,9,5,2,5.0,1.0,1.0
0,2,63,9,3,2,5.0,1.0,2.0
0,1,48,9,3,2,5.0,1.0,1.0
0,2,24,9,6,0,7.0,1.0,2.0
0,1,44,1,2,2,5.0,1.0,1.0
1,1,26,9,6,0,7.0,1.0,1.0
0,1,34,9,2,1,6.0,1.0,1.0
0,1,39,9,2,2,5.0,1.0,1.0
0,1,31,9,6,2,3.0,1.0,1.0
1,1,29,9,2,0,5.0,1.0,1.0
0,2,29,9,3,1,6.0,1.0,2.0
1,1,31,9,6,1,6.0,1.0,1.0
0,1,29,9,6,0,7.0,1.0,1.0
1,1,21,9,1,0,6.0,1.0,1.0
0,1,53,9,6,0,5.0,1.0,1.0
1,1,25,9,3,1,7.0,1.0,1.0
1,1,39,9,6,1,5.0,1.0,1.0
1,1,23,1,6,0,7.0,1.0,1.0
1,1,25,9,6,0,6.0,3.0,1.0
0,1,58,9,5,1,5.0,1.0,1.0
1,1,30,9,6,0,7.0,1.0,1.0
0,1,27,9,6,0,5.0,2.0,1.0
0,2,35,9,5,0,7.0,1.0,2.0
0,1,37,9,6,0,5.0,1.0,1.0
0,1,64,9,5,2,3.0,1.0,1.0
1,1,19,9,6,0,5.0,1.0,1.0
0,2,54,9,3,2,7.0,1.0,2.0
0,2,38,9,6,1,8.0,1.0,2.0
1,1,57,9,3,4,4.0,1.0,1.0
1,1,26,9,3,0,7.0,1.0,1.0
0,2,53,9,3,3,6.0,1.0,2.0
0,1,40,9,6,1,5.0,1.0,1.0
1,1,59,9,3,2,4.0,1.0,1.0
0,1,53,9,6,0,8.0,1.0,1.0
1,1,18,9,6,0,5.0,1.0,1.0
0,1,18,9,6,0,5.0,1.0,1.0
0,1,62,9,3,0,5.0,1.0,1.0
0,2,60,9,3,2,5.0,1.0,2.0
1,1,61,9,5,2,3.0,1.0,1.0
1,1,42,9,2,2,6.0,1.0,1.0
0,2,24,9,1,0,5.0,1.0,2.0
0,2,18,9,6,0,4.0,1.0,2.0
0,1,50,9,2,0,5.0,2.0,1.0
1,1,18,9,6,0,5.0,1.0,1.0
0,1,57,9,5,2,5.0,1.0,1.0
0,2,60,9,5,3,7.0,1.0,2.0
1,1,19,9,6,0,5.0,1.0,1.0
1,2,63,9,6,0,3.0,1.0,2.0
0,1,33,9,3,1,7.0,1.0,1.0
1,1,18,9,6,0,5.0,1.0,1.0
0,2,50,9,3,0,8.0,1.0,2.0
0,2,58,9,3,2,5.0,1.0,2.0
1,1,27,9,6,0,8.0,1.0,1.0
0,2,40,9,2,0,5.0,1.0,2.0
0,2,25,5,6,0,6.0,1.0,2.0
1,2,25,9,6,0,7.0,1.0,2.0
0,1,56,9,6,0,5.0,1.0,1.0
0,2,20,9,6,0,7.0,1.0,2.0
0,1,25,1,6,0,7.0,4.0,1.0
0,1,57,9,5,2,5.0,1.0,1.0
1,1,21,9,6,0,7.0,1.0,1.0
1,2,24,9,3,1,6.0,1.0,2.0
1,1,31,9,6,0,7.0,1.0,1.0
0,1,53,9,2,1,5.0,1.0,1.0
1,1,32,9,6,1,7.0,1.0,1.0
0,1,52,9,1,1,6.0,1.0,1.0
0,1,29,9,6,2,5.0,1.0,1.0
0,1,38,9,2,1,6.0,1.0,1.0
1,2,56,9,6,2,5.0,1.0,2.0
1,1,36,9,2,1,8.0,1.0,1.0
1,1,28,9,6,0,5.0,1.0,1.0
0,1,59,9,6,5,5.0,1.0,1.0
1,2,37,9,5,1,3.0,1.0,2.0
0,1,37,9,6,1,4.0,1.0,1.0
0,2,52,9,3,1,3.0,1.0,2.0
0,1,61,9,3,4,6.0,1.0,1.0
1,1,28,9,6,0,5.0,1.0,1.0
0,1,36,9,6,2,4.0,1.0,1.0
1,1,22,9,6,0,5.0,1.0,1.0
0,1,55,9,5,3,5.0,1.0,1.0
0,2,22,9,6,0,7.0,1.0,2.0
0,1,27,9,5,1,5.0,1.0,1.0
0,1,51,9,6,1,3.0,1.0,1.0
0,1,33,9,6,0,8.0,1.0,1.0
1,2,26,9,5,2,5.0,1.0,2.0
1,2,20,9,6,1,4.0,1.0,2.0
1,1,34,9,1,2,3.0,1.0,1.0
1,1,57,5,6,2,4.0,1.0,1.0
1,2,29,9,6,0,7.0,1.0,2.0
1,1,18,9,6,0,5.0,1.0,1.0
0,2,19,9,2,1,4.0,1.0,2.0
0,2,34,9,6,1,7.0,1.0,2.0
0,1,39,9,3,1,8.0,1.0,1.0
1,1,21,9,6,0,5.0,1.0,1.0
1,1,21,9,6,0,5.0,1.0,1.0
0,1,18,9,6,0,6.0,1.0,1.0
0,1,24,9,6,0,8.0,1.0,1.0
0,1,31,9,5,3,7.0,1.0,1.0
